Date,EUR/TND,USD/TND ,,,,, ,,,,,,,
9/4/2020,1.0927,2.9064,,,,,,,,,,,,
10/4/2020,1.0935,2.9064,,,,,,,,,,,,
13/4/2020,1.0913,2.8968,,,,,,,,,,,,
14/4/2020,1.0979,2.8891,,,,,,,,,,,,
15/4/2020,1.0907,2.8952,,,,,,,,,,,,
16/4/2020,1.0835,2.90135,,,,,,,,,,,,
17/4/2020,1.0876,2.9087,,,,,,,,,,,,
20/4/2020,1.0862,2.9051,,,,,,,,,,,,
21/4/2020,1.0856,2.907,,,,,,,,,,,,
22/4/2020,1.0822,2.9003,,,,,,,,,,,,
23/4/2020,1.0776,2.918,,,,,,,,,,,,
24/4/2020,1.082,2.9183,,,,,,,,,,,,
27/4/2020,1.0828,2.9062,,,,,,,,,,,,
28/4/2020,1.0818,2.8959,,,,,,,,,,,,
29/4/2020,1.0873,2.9031,,,,,,,,,,,,
30/4/2020,1.0955,2.8977,,,,,,,,,,,,
1/5/2020,1.0983,2.8903,,,,,,,,,,,,
4/5/2020,1.0906,2.8903,,,,,,,,,,,,
5/5/2020,1.0838,2.907,,,,,,,,,,,,
6/5/2020,1.0794,2.9125,,,,,,,,,,,,
7/5/2020,1.0832,2.9148,,,,,,,,,,,,
8/5/2020,1.084,2.9073,,,,,,,,,,,,
11/5/2020,1.0806,2.9123,,,,,,,,,,,,
12/5/2020,1.0846,2.9088,,,,,,,,,,,,
13/5/2020,1.0816,2.90625,,,,,,,,,,,,
14/5/2020,1.0804,2.9204,,,,,,,,,,,,
15/5/2020,1.0815,2.9157,,,,,,,,,,,,
18/5/2020,1.0912,2.91495,,,,,,,,,,,,
19/5/2020,1.0921,2.8912,,,,,,,,,,,,
20/5/2020,1.0977,2.8931,,,,,,,,,,,,
21/5/2020,1.0949,2.8868,,,,,,,,,,,,
22/5/2020,1.09,2.9012,,,,,,,,,,,,
25/5/2020,1.0899,2.8917,,,,,,,,,,,,
26/5/2020,1.098,2.8917,,,,,,,,,,,,
27/5/2020,1.1003,2.8818,,,,,,,,,,,,
28/5/2020,1.1076,2.8851,,,,,,,,,,,,
29/5/2020,1.1098,2.86065,,,,,,,,,,,,
1/6/2020,1.1134,2.8689,,,,,,,,,,,,
2/6/2020,1.1169,2.8579,,,,,,,,,,,,
3/6/2020,1.1232,2.8531,,,,,,,,,,,,
4/6/2020,1.1336,2.85805,,,,,,,,,,,,
5/6/2020,1.1284,2.83995,,,,,,,,,,,,
8/6/2020,1.1292,2.84045,,,,,,,,,,,,
9/6/2020,1.134,2.83485,,,,,,,,,,,,
10/6/2020,1.1369,2.8296,,,,,,,,,,,,
11/6/2020,1.1297,2.83075,,,,,,,,,,,,
12/6/2020,1.1254,2.8427,,,,,,,,,,,,
15/6/2020,1.1322,2.84435,,,,,,,,,,,,
16/6/2020,1.1263,2.8449,,,,,,,,,,,,
17/6/2020,1.1243,2.8534,,,,,,,,,,,,
18/6/2020,1.1202,2.8545,,,,,,,,,,,,
19/6/2020,1.1175,2.8542,,,,,,,,,,,,
22/6/2020,1.1258,2.8507,,,,,,,,,,,,
23/6/2020,1.1306,2.83515,,,,,,,,,,,,
24/6/2020,1.125,2.8473,,,,,,,,,,,,
25/6/2020,1.1217,2.85625,,,,,,,,,,,,
26/6/2020,1.1217,2.8586,,,,,,,,,,,,
29/6/2020,1.124,2.8527,,,,,,,,,,,,
30/6/2020,1.1231,2.85915,,,,,,,,,,,,
1/7/2020,1.125,2.85985,,,,,,,,,,,,
2/7/2020,1.1238,2.8467,,,,,,,,,,,,
3/7/2020,1.1248,2.85415,,,,,,,,,,,,
6/7/2020,1.1308,2.8415,,,,,,,,,,,,
7/7/2020,1.127,2.84685,,,,,,,,,,,,
8/7/2020,1.1329,2.8456,,,,,,,,,,,,
9/7/2020,1.1281,2.8373,,,,,,,,,,,,
10/7/2020,1.1298,2.8406,,,,,,,,,,,,
13/7/2020,1.134,2.83655,,,,,,,,,,,,
14/7/2020,1.1396,2.83325,,,,,,,,,,,,
15/7/2020,1.141,2.81935,,,,,,,,,,,,
16/7/2020,1.1383,2.82705,,,,,,,,,,,,
17/7/2020,1.1426,2.8223,,,,,,,,,,,,
20/7/2020,1.1444,2.81555,,,,,,,,,,,,
21/7/2020,1.1526,2.81655,,,,,,,,,,,,
22/7/2020,1.1568,2.79705,,,,,,,,,,,,
23/7/2020,1.1594,2.78845,,,,,,,,,,,,
24/7/2020,1.1654,2.7851,,,,,,,,,,,,
27/7/2020,1.1751,2.7583,,,,,,,,,,,,
28/7/2020,1.1714,2.75435,,,,,,,,,,,,
29/7/2020,1.179,2.75265,,,,,,,,,,,,
30/7/2020,1.1846,2.74975,,,,,,,,,,,,
31/7/2020,1.1774,2.74975,,,,,,,,,,,,
3/8/2020,1.1761,2.7538,,,,,,,,,,,,
4/8/2020,1.18,2.74515,,,,,,,,,,,,
5/8/2020,1.1861,2.7348,,,,,,,,,,,,
6/8/2020,1.1875,2.7333,,,,,,,,,,,,
7/8/2020,1.1786,2.7389,,,,,,,,,,,,
10/8/2020,1.1736,2.75075,,,,,,,,,,,,
11/8/2020,1.1739,2.7426,,,,,,,,,,,,
12/8/2020,1.1782,2.7476,,,,,,,,,,,,
13/8/2020,1.1812,2.74225,,,,,,,,,,,,
14/8/2020,1.1841,2.74225,,,,,,,,,,,,
17/8/2020,1.1869,2.7411,,,,,,,,,,,,
18/8/2020,1.1929,2.7285,,,,,,,,,,,,
19/8/2020,1.1836,2.72385,,,,,,,,,,,,
20/8/2020,1.1859,2.72385,,,,,,,,,,,,
21/8/2020,1.1795,2.7442,,,,,,,,,,,,
24/8/2020,1.1787,2.74095,,,,,,,,,,,,
25/8/2020,1.1833,2.74335,,,,,,,,,,,,
26/8/2020,1.1829,2.74445,,,,,,,,,,,,
27/8/2020,1.1821,2.74565,,,,,,,,,,,,
28/8/2020,1.1903,2.7286,,,,,,,,,,,,
31/8/2020,1.1936,2.7248,,,,,,,,,,,,
1/9/2020,1.191,2.7224,,,,,,,,,,,,
2/9/2020,1.1853,2.7392,,,,,,,,,,,,
3/9/2020,1.1849,2.73855,,,,,,,,,,,,
4/9/2020,1.1838,2.7448,,,,,,,,,,,,
7/9/2020,1.1817,2.7424,,,,,,,,,,,,
8/9/2020,1.1779,2.7476,,,,,,,,,,,,
9/9/2020,1.1802,2.74485,,,,,,,,,,,,
10/9/2020,1.1813,2.7382,,,,,,,,,,,,
11/9/2020,1.1845,2.75115,,,,,,,,,,,,
14/9/2020,1.1868,2.7434,,,,,,,,,,,,
15/9/2020,1.1845,2.7461,,,,,,,,,,,,
16/9/2020,1.1814,2.7495,,,,,,,,,,,,
17/9/2020,1.1847,2.751,,,,,,,,,,,,
18/9/2020,1.1837,2.74545,,,,,,,,,,,,
21/9/2020,1.1769,2.7602,,,,,,,,,,,,
22/9/2020,1.1706,2.76415,,,,,,,,,,,,
23/9/2020,1.1659,2.77295,,,,,,,,,,,,
24/9/2020,1.1672,2.78015,,,,,,,,,,,,
25/9/2020,1.163,2.78495,,,,,,,,,,,,
28/9/2020,1.1664,2.77525,,,,,,,,,,,,
29/9/2020,1.1742,2.7684,,,,,,,,,,,,
30/9/2020,1.1718,2.76935,,,,,,,,,,,,
1/10/2020,1.1747,2.76735,,,,,,,,,,,,
2/10/2020,1.1713,2.76835,,,,,,,,,,,,
5/10/2020,1.1781,2.75805,,,,,,,,,,,,
6/10/2020,1.1734,2.75695,,,,,,,,,,,,
7/10/2020,1.176,2.76285,,,,,,,,,,,,
8/10/2020,1.1758,2.76605,,,,,,,,,,,,
9/10/2020,1.1824,2.7574,,,,,,,,,,,,
12/10/2020,1.1813,2.75355,,,,,,,,,,,,
13/10/2020,1.1744,2.76155,,,,,,,,,,,,
14/10/2020,1.1746,2.76185,,,,,,,,,,,,
15/10/2020,1.1706,2.76655,,,,,,,,,,,,
16/10/2020,1.1718,2.76655,,,,,,,,,,,,
19/10/2020,1.1766,2.76015,,,,,,,,,,,,
20/10/2020,1.1821,2.75395,,,,,,,,,,,,
21/10/2020,1.1861,2.7418,,,,,,,,,,,,
22/10/2020,1.1816,2.7502,,,,,,,,,,,,
23/10/2020,1.1859,2.75025,,,,,,,,,,,,
26/10/2020,1.1808,2.75245,,,,,,,,,,,,
27/10/2020,1.1795,2.7504,,,,,,,,,,,,
28/10/2020,1.1744,2.76305,,,,,,,,,,,,
29/10/2020,1.1674,2.76305,,,,,,,,,,,,
30/10/2020,1.1647,2.7709,,,,,,,,,,,,
2/11/2020,1.164,2.7799,,,,,,,,,,,,
3/11/2020,1.1711,2.76845,,,,,,,,,,,,
4/11/2020,1.1722,2.7651,,,,,,,,,,,,
5/11/2020,1.1821,2.74755,,,,,,,,,,,,
6/11/2020,1.1872,2.7401,,,,,,,,,,,,
9/11/2020,1.1813,2.7401,,,,,,,,,,,,
10/11/2020,1.1814,2.75105,,,,,,,,,,,,
11/11/2020,1.1777,2.75865,,,,,,,,,,,,
12/11/2020,1.1804,2.7516,,,,,,,,,,,,
13/11/2020,1.1832,2.7505,,,,,,,,,,,,
16/11/2020,1.1853,2.74975,,,,,,,,,,,,
17/11/2020,1.1861,2.7389,,,,,,,,,,,,
18/11/2020,1.1852,2.7428,,,,,,,,,,,,
19/11/2020,1.1873,2.74915,,,,,,,,,,,,
20/11/2020,1.1853,2.7413,,,,,,,,,,,,
23/11/2020,1.184,2.7372,,,,,,,,,,,,
24/11/2020,1.1888,2.7452,,,,,,,,,,,,
25/11/2020,1.1913,2.7382,,,,,,,,,,,,
26/11/2020,1.1913,2.73815,,,,,,,,,,,,
27/11/2020,1.1962,2.7348,,,,,,,,,,,,
30/11/2020,1.1928,2.727,,,,,,,,,,,,
1/12/2020,1.207,2.7273,,,,,,,,,,,,
2/12/2020,1.2115,2.7187,,,,,,,,,,,,
3/12/2020,1.214,2.7056,,,,,,,,,,,,
4/12/2020,1.212,2.7055,,,,,,,,,,,,
7/12/2020,1.2108,2.7102,,,,,,,,,,,,
8/12/2020,1.2101,2.7094,,,,,,,,,,,,
9/12/2020,1.2081,2.7104,,,,,,,,,,,,
10/12/2020,1.2136,2.7128,,,,,,,,,,,,
11/12/2020,1.2111,2.7108,,,,,,,,,,,,
14/12/2020,1.2143,2.7031,,,,,,,,,,,,
15/12/2020,1.2151,2.7065,,,,,,,,,,,,
16/12/2020,1.2197,2.697,,,,,,,,,,,,
17/12/2020,1.2266,2.6874,,,,,,,,,,,,
18/12/2020,1.2255,2.6859,,,,,,,,,,,,
21/12/2020,1.2242,2.6943,,,,,,,,,,,,
22/12/2020,1.2161,2.6907,,,,,,,,,,,,
23/12/2020,1.2185,2.6968,,,,,,,,,,,,
24/12/2020,1.2186,2.6938,,,,,,,,,,,,
25/12/2020,1.2204,2.6961,,,,,,,,,,,,
28/12/2020,1.2214,2.6906,,,,,,,,,,,,
29/12/2020,1.2247,2.6855,,,,,,,,,,,,
30/12/2020,1.2295,2.6793,,,,,,,,,,,,
31/12/2020,1.2213,2.67985,,,,,,,,,,,,
4/1/2021,1.2248,2.6775,,,,,,,,,,,,
5/1/2021,1.2294,2.6828,,,,,,,,,,,,
6/1/2021,1.2325,2.6794,,,,,,,,,,,,
7/1/2021,1.227,2.68245,,,,,,,,,,,,
8/1/2021,1.2218,2.68295,,,,,,,,,,,,
11/1/2021,1.2149,2.7011,,,,,,,,,,,,
12/1/2021,1.2207,2.7024,,,,,,,,,,,,
13/1/2021,1.2157,2.6986,,,,,,,,,,,,
14/1/2021,1.2156,2.7021,,,,,,,,,,,,
15/1/2021,1.2078,2.7021,,,,,,,,,,,,
18/1/2021,1.2076,2.7136,,,,,,,,,,,,
19/1/2021,1.2128,2.7032,,,,,,,,,,,,
20/1/2021,1.2104,2.7077,,,,,,,,,,,,
21/1/2021,1.2162,2.7005,,,,,,,,,,,,
22/1/2021,1.2167,2.7001,,,,,,,,,,,,
25/1/2021,1.2137,2.7005,,,,,,,,,,,,
26/1/2021,1.216,2.6994,,,,,,,,,,,,
27/1/2021,1.2108,2.7069,,,,,,,,,,,,
28/1/2021,1.2121,2.7042,,,,,,,,,,,,
29/1/2021,1.2136,2.7,,,,,,,,,,,,
1/2/2021,1.2059,2.7105,,,,,,,,,,,,
2/2/2021,1.2042,2.718,,,,,,,,,,,,
3/2/2021,1.2034,2.7215,,,,,,,,,,,,
4/2/2021,1.1962,2.7281,,,,,,,,,,,,
5/2/2021,1.2042,2.725,,,,,,,,,,,,
8/2/2021,1.2048,2.7233,,,,,,,,,,,,
9/2/2021,1.2117,2.7123,,,,,,,,,,,,
10/2/2021,1.2116,2.7065,,,,,,,,,,,,
11/2/2021,1.2128,2.7067,,,,,,,,,,,,
12/2/2021,1.2118,2.7148,,,,,,,,,,,,
15/2/2021,1.2127,2.7083,,,,,,,,,,,,
16/2/2021,1.2104,2.7117,,,,,,,,,,,,
17/2/2021,1.2036,2.7241,,,,,,,,,,,,
18/2/2021,1.2088,2.7169,,,,,,,,,,,,
19/2/2021,1.2117,2.7094,,,,,,,,,,,,
22/2/2021,1.2154,2.7068,,,,,,,,,,,,
23/2/2021,1.2149,2.7069,,,,,,,,,,,,
24/2/2021,1.2164,2.7116,,,,,,,,,,,,
25/2/2021,1.2176,2.6989,,,,,,,,,,,,
26/2/2021,1.2074,2.7152,,,,,,,,,,,,
1/3/2021,1.2047,2.726,,,,,,,,,,,,
2/3/2021,1.2089,2.72845,,,,,,,,,,,,
3/3/2021,1.2062,2.72825,,,,,,,,,,,,
4/3/2021,1.1966,2.73065,,,,,,,,,,,,
5/3/2021,1.1917,2.7464,,,,,,,,,,,,
8/3/2021,1.1843,2.75905,,,,,,,,,,,,
9/3/2021,1.1898,2.757,,,,,,,,,,,,
10/3/2021,1.1925,2.75135,,,,,,,,,,,,
11/3/2021,1.1984,2.7449,,,,,,,,,,,,
12/3/2021,1.1952,2.75105,,,,,,,,,,,,
15/3/2021,1.1928,2.7509,,,,,,,,,,,,
16/3/2021,1.19,2.7534,,,,,,,,,,,,
17/3/2021,1.1978,2.75485,,,,,,,,,,,,
18/3/2021,1.1915,2.75285,,,,,,,,,,,,
19/3/2021,1.1903,2.75885,,,,,,,,,,,,
22/3/2021,1.1931,2.75435,,,,,,,,,,,,
23/3/2021,1.1849,2.7625,,,,,,,,,,,,
24/3/2021,1.1812,2.77095,,,,,,,,,,,,
25/3/2021,1.1764,2.77405,,,,,,,,,,,,
26/3/2021,1.1796,2.77835,,,,,,,,,,,,
29/3/2021,1.1762,2.78145,,,,,,,,,,,,
30/3/2021,1.1714,2.79065,,,,,,,,,,,,
31/3/2021,1.1728,2.78755,,,,,,,,,,,,
1/4/2021,1.1775,2.78735,,,,,,,,,,,,
2/4/2021,1.1762,2.78545,,,,,,,,,,,,
5/4/2021,1.1811,2.77745,,,,,,,,,,,,
6/4/2021,1.1875,2.77345,,,,,,,,,,,,
7/4/2021,1.187,2.76665,,,,,,,,,,,,
8/4/2021,1.1912,2.76545,,,,,,,,,,,,
9/4/2021,1.1896,2.7633,,,,,,,,,,,,
12/4/2021,1.1909,2.7633,,,,,,,,,,,,
13/4/2021,1.1946,2.76725,,,,,,,,,,,,
14/4/2021,1.1978,2.7576,,,,,,,,,,,,
15/4/2021,1.1965,2.75605,,,,,,,,,,,,
16/4/2021,1.1983,2.75355,,,,,,,,,,,,
19/4/2021,1.2033,2.743,,,,,,,,,,,,
20/4/2021,1.2033,2.7408,,,,,,,,,,,,
21/4/2021,1.2033,2.74735,,,,,,,,,,,,
22/4/2021,1.2015,2.7425,,,,,,,,,,,,
23/4/2021,1.2099,2.74165,,,,,,,,,,,,
26/4/2021,1.2083,2.7365,,,,,,,,,,,,
27/4/2021,1.209,2.7392,,,,,,,,,,,,
28/4/2021,1.2123,2.74315,,,,,,,,,,,,
29/4/2021,1.2118,2.7338,,,,,,,,,,,,
30/4/2021,1.2018,2.74035,,,,,,,,,,,,
3/5/2021,1.2061,2.74605,,,,,,,,,,,,
4/5/2021,1.2013,2.7516,,,,,,,,,,,,
5/5/2021,1.2005,2.75035,,,,,,,,,,,,
6/5/2021,1.2064,2.7459,,,,,,,,,,,,
7/5/2021,1.2163,2.74265,,,,,,,,,,,,
10/5/2021,1.2129,2.7277,,,,,,,,,,,,
11/5/2021,1.2146,2.7275,,,,,,,,,,,,
12/5/2021,1.2069,2.7275,,,,,,,,,,,,
13/5/2021,1.2078,2.7275,,,,,,,,,,,,
14/5/2021,1.214,2.7275,,,,,,,,,,,,
17/5/2021,1.2151,2.73175,,,,,,,,,,,,
18/5/2021,1.222,2.722,,,,,,,,,,,,
19/5/2021,1.2172,2.72015,,,,,,,,,,,,
20/5/2021,1.2226,2.7216,,,,,,,,,,,,
21/5/2021,1.2179,2.7248,,,,,,,,,,,,
24/5/2021,1.2215,2.7194,,,,,,,,,,,,
25/5/2021,1.225,2.71675,,,,,,,,,,,,
26/5/2021,1.219,2.7195,,,,,,,,,,,,
27/5/2021,1.2192,2.7232,,,,,,,,,,,,
28/5/2021,1.2189,2.7314,,,,,,,,,,,,
31/5/2021,1.2225,2.7236,,,,,,,,,,,,
1/6/2021,1.2211,2.717,,,,,,,,,,,,
2/6/2021,1.2209,2.725,,,,,,,,,,,,
3/6/2021,1.2124,2.73535,,,,,,,,,,,,
4/6/2021,1.2165,2.7286,,,,,,,,,,,,
7/6/2021,1.2189,2.72755,,,,,,,,,,,,
8/6/2021,1.2171,2.7284,,,,,,,,,,,,
9/6/2021,1.2178,2.72455,,,,,,,,,,,,
10/6/2021,1.2169,2.72855,,,,,,,,,,,,
11/6/2021,1.2106,2.73665,,,,,,,,,,,,
14/6/2021,1.2118,2.73745,,,,,,,,,,,,
15/6/2021,1.2124,2.7377,,,,,,,,,,,,
16/6/2021,1.1994,2.737,,,,,,,,,,,,
17/6/2021,1.1906,2.767,,,,,,,,,,,,
18/6/2021,1.186,2.7765,,,,,,,,,,,,
21/6/2021,1.1915,2.76825,,,,,,,,,,,,
22/6/2021,1.1938,2.77345,,,,,,,,,,,,
23/6/2021,1.1925,2.76225,,,,,,,,,,,,
24/6/2021,1.193,2.76645,,,,,,,,,,,,
25/6/2021,1.1933,2.76325,,,,,,,,,,,,
28/6/2021,1.1924,2.76845,,,,,,,,,,,,
29/6/2021,1.1895,2.7753,,,,,,,,,,,,
30/6/2021,1.1855,2.77535,,,,,,,,,,,,
1/7/2021,1.1848,2.78065,,,,,,,,,,,,
2/7/2021,1.1864,2.78465,,,,,,,,,,,,
5/7/2021,1.1861,2.7769,,,,,,,,,,,,
6/7/2021,1.1822,2.78135,,,,,,,,,,,,
7/7/2021,1.1789,2.78505,,,,,,,,,,,,
8/7/2021,1.1842,2.7807,,,,,,,,,,,,
9/7/2021,1.1873,2.77905,,,,,,,,,,,,
12/7/2021,1.1859,2.77975,,,,,,,,,,,,
13/7/2021,1.1774,2.78085,,,,,,,,,,,,
14/7/2021,1.1835,2.78605,,,,,,,,,,,,
15/7/2021,1.1812,2.78165,,,,,,,,,,,,
16/7/2021,1.1805,2.7862,,,,,,,,,,,,
19/7/2021,1.1798,2.79055,,,,,,,,,,,,
20/7/2021,1.1779,2.78835,,,,,,,,,,,,
21/7/2021,1.1792,2.78835,,,,,,,,,,,,
22/7/2021,1.177,2.78835,,,,,,,,,,,,
23/7/2021,1.1771,2.79245,,,,,,,,,,,,
26/7/2021,1.1799,2.78855,,,,,,,,,,,,
27/7/2021,1.1814,2.78845,,,,,,,,,,,,
28/7/2021,1.1842,2.7862,,,,,,,,,,,,
29/7/2021,1.1886,2.77445,,,,,,,,,,,,
30/7/2021,1.187,2.77045,,,,,,,,,,,,
2/8/2021,1.1867,2.77315,,,,,,,,,,,,
3/8/2021,1.186,2.7742,,,,,,,,,,,,
4/8/2021,1.1835,2.77835,,,,,,,,,,,,
5/8/2021,1.1832,2.77995,,,,,,,,,,,,
6/8/2021,1.176,2.78715,,,,,,,,,,,,
9/8/2021,1.1737,2.79475,,,,,,,,,,,,
10/8/2021,1.1718,2.80255,,,,,,,,,,,,
11/8/2021,1.1737,2.80255,,,,,,,,,,,,
12/8/2021,1.1727,2.79895,,,,,,,,,,,,
13/8/2021,1.1791,2.79135,,,,,,,,,,,,
16/8/2021,1.1777,2.79135,,,,,,,,,,,,
17/8/2021,1.1708,2.79355,,,,,,,,,,,,
18/8/2021,1.171,2.80345,,,,,,,,,,,,
19/8/2021,1.1674,2.80565,,,,,,,,,,,,
20/8/2021,1.1696,2.8095,,,,,,,,,,,,
23/8/2021,1.1743,2.80375,,,,,,,,,,,,
24/8/2021,1.1753,2.80115,,,,,,,,,,,,
25/8/2021,1.177,2.80105,,,,,,,,,,,,
26/8/2021,1.175,2.79595,,,,,,,,,,,,
27/8/2021,1.1793,2.79995,,,,,,,,,,,,
30/8/2021,1.1795,2.7931,,,,,,,,,,,,
31/8/2021,1.1807,2.78865,,,,,,,,,,,,
1/9/2021,1.1837,2.79065,,,,,,,,,,,,
2/9/2021,1.1873,2.78535,,,,,,,,,,,,
3/9/2021,1.1882,2.78135,,,,,,,,,,,,
6/9/2021,1.1868,2.78265,,,,,,,,,,,,
7/9/2021,1.1839,2.78245,,,,,,,,,,,,
8/9/2021,1.1813,2.79025,,,,,,,,,,,,
9/9/2021,1.1825,2.78785,,,,,,,,,,,,
10/9/2021,1.1814,2.78745,,,,,,,,,,,,
13/9/2021,1.1808,2.79585,,,,,,,,,,,,
14/9/2021,1.1802,2.79135,,,,,,,,,,,,
15/9/2021,1.1815,2.78785,,,,,,,,,,,,
16/9/2021,1.1764,2.79865,,,,,,,,,,,,
17/9/2021,1.1725,2.79995,,,,,,,,,,,,
20/9/2021,1.1725,2.80555,,,,,,,,,,,,
21/9/2021,1.1723,2.80425,,,,,,,,,,,,
22/9/2021,1.1686,2.80185,,,,,,,,,,,,
23/9/2021,1.1736,2.80105,,,,,,,,,,,,
24/9/2021,1.1714,2.80795,,,,,,,,,,,,
27/9/2021,1.1694,2.80915,,,,,,,,,,,,
28/9/2021,1.1681,2.8163,,,,,,,,,,,,
29/9/2021,1.1595,2.822,,,,,,,,,,,,
30/9/2021,1.1581,2.8299,,,,,,,,,,,,
1/10/2021,1.1594,2.82565,,,,,,,,,,,,
4/10/2021,1.1621,2.82125,,,,,,,,,,,,
5/10/2021,1.1596,2.8265,,,,,,,,,,,,
6/10/2021,1.1556,2.83505,,,,,,,,,,,,
7/10/2021,1.155,2.83095,,,,,,,,,,,,
8/10/2021,1.1567,2.83195,,,,,,,,,,,,
11/10/2021,1.1551,2.83045,,,,,,,,,,,,
12/10/2021,1.1527,2.83885,,,,,,,,,,,,
13/10/2021,1.1592,2.83365,,,,,,,,,,,,
14/10/2021,1.1594,2.82865,,,,,,,,,,,,
15/10/2021,1.16,2.82045,,,,,,,,,,,,
18/10/2021,1.1609,2.82045,,,,,,,,,,,,
19/10/2021,1.1632,2.82045,,,,,,,,,,,,
20/10/2021,1.1649,2.82065,,,,,,,,,,,,
21/10/2021,1.1621,2.82065,,,,,,,,,,,,
22/10/2021,1.1647,2.8196,,,,,,,,,,,,
25/10/2021,1.1606,2.82495,,,,,,,,,,,,
26/10/2021,1.1595,2.82605,,,,,,,,,,,,
27/10/2021,1.1604,2.82425,,,,,,,,,,,,
28/10/2021,1.1679,2.82215,,,,,,,,,,,,
29/10/2021,1.1561,2.82345,,,,,,,,,,,,
1/11/2021,1.1606,2.8337,,,,,,,,,,,,
2/11/2021,1.1577,2.8312,,,,,,,,,,,,
3/11/2021,1.161,2.8338,,,,,,,,,,,,
4/11/2021,1.1552,2.83825,,,,,,,,,,,,
5/11/2021,1.1566,2.8416,,,,,,,,,,,,
8/11/2021,1.1586,2.8324,,,,,,,,,,,,
9/11/2021,1.1591,2.83,,,,,,,,,,,,
10/11/2021,1.1478,2.8353,,,,,,,,,,,,
11/11/2021,1.145,2.8514,,,,,,,,,,,,
12/11/2021,1.145,2.85475,,,,,,,,,,,,
15/11/2021,1.1367,2.8544,,,,,,,,,,,,
16/11/2021,1.1319,2.8674,,,,,,,,,,,,
17/11/2021,1.1319,2.87685,,,,,,,,,,,,
18/11/2021,1.1369,2.8702,,,,,,,,,,,,
19/11/2021,1.1288,2.8771,,,,,,,,,,,,
22/11/2021,1.1234,2.88485,,,,,,,,,,,,
23/11/2021,1.1246,2.8865,,,,,,,,,,,,
24/11/2021,1.1197,2.895,,,,,,,,,,,,
25/11/2021,1.1206,2.8915,,,,,,,,,,,,
26/11/2021,1.1317,2.8787,,,,,,,,,,,,
29/11/2021,1.1291,2.8813,,,,,,,,,,,,
30/11/2021,1.1336,2.8662,,,,,,,,,,,,
1/12/2021,1.1319,2.8705,,,,,,,,,,,,
2/12/2021,1.1299,2.8702,,,,,,,,,,,,
3/12/2021,1.1313,2.8777,,,,,,,,,,,,
6/12/2021,1.1285,2.8775,,,,,,,,,,,,
7/12/2021,1.1263,2.8871,,,,,,,,,,,,
8/12/2021,1.1342,2.87735,,,,,,,,,,,,
9/12/2021,1.1292,2.87585,,,,,,,,,,,,
10/12/2021,1.1311,2.87925,,,,,,,,,,,,
13/12/2021,1.1283,2.879,,,,,,,,,,,,
14/12/2021,1.1257,2.8778,,,,,,,,,,,,
15/12/2021,1.1285,2.8855,,,,,,,,,,,,
16/12/2021,1.1328,2.87265,,,,,,,,,,,,
17/12/2021,1.1239,2.88,,,,,,,,,,,,
20/12/2021,1.1275,2.88,,,,,,,,,,,,
21/12/2021,1.1283,2.8811,,,,,,,,,,,,
22/12/2021,1.1324,2.8768,,,,,,,,,,,,
23/12/2021,1.1328,2.876,,,,,,,,,,,,
24/12/2021,1.1317,2.8751,,,,,,,,,,,,
27/12/2021,1.1325,2.87545,,,,,,,,,,,,
28/12/2021,1.1309,2.87585,,,,,,,,,,,,
29/12/2021,1.1348,2.8744,,,,,,,,,,,,
30/12/2021,1.1323,2.8774,,,,,,,,,,,,
31/12/2021,1.1368,2.87355,,,,,,,,,,,,
3/1/2022,1.1294,2.8706,,,,,,,,,,,,
4/1/2022,1.1285,2.8816,,,,,,,,,,,,
5/1/2022,1.1313,2.874,,,,,,,,,,,,
6/1/2022,1.1291,2.8758,,,,,,,,,,,,
7/1/2022,1.1359,2.8743,,,,,,,,,,,,
10/1/2022,1.1324,2.8803,,,,,,,,,,,,
11/1/2022,1.1364,2.87505,,,,,,,,,,,,
12/1/2022,1.1442,2.8702,,,,,,,,,,,,
13/1/2022,1.1453,2.85355,,,,,,,,,,,,
14/1/2022,1.1414,2.8566,,,,,,,,,,,,
17/1/2022,1.1407,2.8664,,,,,,,,,,,,
18/1/2022,1.1325,2.8741,,,,,,,,,,,,
19/1/2022,1.1341,2.87635,,,,,,,,,,,,
20/1/2022,1.131,2.874,,,,,,,,,,,,
21/1/2022,1.134,2.8747,,,,,,,,,,,,
24/1/2022,1.1323,2.884,,,,,,,,,,,,
25/1/2022,1.1299,2.8879,,,,,,,,,,,,
26/1/2022,1.1237,2.8846,,,,,,,,,,,,
27/1/2022,1.1143,2.9099,,,,,,,,,,,,
28/1/2022,1.1143,2.9112,,,,,,,,,,,,
31/1/2022,1.1233,2.9091,,,,,,,,,,,,
1/2/2022,1.1269,2.8929,,,,,,,,,,,,
2/2/2022,1.1303,2.8836,,,,,,,,,,,,
3/2/2022,1.1438,2.8759,,,,,,,,,,,,
4/2/2022,1.1446,2.8671,,,,,,,,,,,,
7/2/2022,1.1442,2.868,,,,,,,,,,,,
8/2/2022,1.1414,2.8726,,,,,,,,,,,,
9/2/2022,1.1422,2.8708,,,,,,,,,,,,
10/2/2022,1.1427,2.8805,,,,,,,,,,,,
11/2/2022,1.1349,2.8778,,,,,,,,,,,,
14/2/2022,1.1305,2.8903,,,,,,,,,,,,
15/2/2022,1.1356,2.8841,,,,,,,,,,,,
16/2/2022,1.1373,2.8828,,,,,,,,,,,,
17/2/2022,1.136,2.8795,,,,,,,,,,,,
18/2/2022,1.1321,2.8842,,,,,,,,,,,,
21/2/2022,1.131,2.8833,,,,,,,,,,,,
22/2/2022,1.1325,2.8858,,,,,,,,,,,,
23/2/2022,1.1309,2.8836,,,,,,,,,,,,
24/2/2022,1.1191,2.9182,,,,,,,,,,,,
25/2/2022,1.1267,2.9063,,,,,,,,,,,,
28/2/2022,1.1219,2.9085,,,,,,,,,,,,
1/3/2022,1.1126,2.917,,,,,,,,,,,,
2/3/2022,1.1121,2.9276,,,,,,,,,,,,
3/3/2022,1.1064,2.9292,,,,,,,,,,,,
4/3/2022,1.0926,2.96135,,,,,,,,,,,,
7/3/2022,1.0852,2.95745,,,,,,,,,,,,
8/3/2022,1.0899,2.96005,,,,,,,,,,,,
9/3/2022,1.1075,2.941,,,,,,,,,,,,
10/3/2022,1.0983,2.9408,,,,,,,,,,,,
11/3/2022,1.0909,2.95235,,,,,,,,,,,,
14/3/2022,1.0939,2.96145,,,,,,,,,,,,
15/3/2022,1.0951,2.95255,,,,,,,,,,,,
16/3/2022,1.1032,2.94885,,,,,,,,,,,,
17/3/2022,1.1089,2.9384,,,,,,,,,,,,
18/3/2022,1.1055,2.94935,,,,,,,,,,,,
21/3/2022,1.1014,2.9494,,,,,,,,,,,,
22/3/2022,1.1027,2.95215,,,,,,,,,,,,
23/3/2022,1.1004,2.96375,,,,,,,,,,,,
24/3/2022,1.0996,2.96385,,,,,,,,,,,,
25/3/2022,1.0981,2.96085,,,,,,,,,,,,
28/3/2022,1.0978,2.9697,,,,,,,,,,,,
29/3/2022,1.1085,2.9413,,,,,,,,,,,,
30/3/2022,1.1156,2.9374,,,,,,,,,,,,
31/3/2022,1.1065,2.9487,,,,,,,,,,,,
1/4/2022,1.1053,2.95665,,,,,,,,,,,,
4/4/2022,1.097,2.9626,,,,,,,,,,,,
5/4/2022,1.0903,2.96895,,,,,,,,,,,,
6/4/2022,1.0893,2.97895,,,,,,,,,,,,
7/4/2022,1.0878,2.97855,,,,,,,,,,,,
8/4/2022,1.0876,2.98375,,,,,,,,,,,,
11/4/2022,1.0883,2.98235,,,,,,,,,,,,
12/4/2022,1.0826,2.99095,,,,,,,,,,,,
13/4/2022,1.0885,2.99645,,,,,,,,,,,,
14/4/2022,1.0827,2.9823,,,,,,,,,,,,
15/4/2022,1.0806,3.00065,,,,,,,,,,,,
18/4/2022,1.078,3.00325,,,,,,,,,,,,
19/4/2022,1.0786,3.00695,,,,,,,,,,,,
20/4/2022,1.085,2.99425,,,,,,,,,,,,
21/4/2022,1.0836,2.98765,,,,,,,,,,,,
22/4/2022,1.0794,3.00775,,,,,,,,,,,,
25/4/2022,1.0711,3.0225,,,,,,,,,,,,
26/4/2022,1.0636,3.02825,,,,,,,,,,,,
27/4/2022,1.0555,3.04435,,,,,,,,,,,,
28/4/2022,1.0494,3.0681,,,,,,,,,,,,
29/4/2022,1.0541,3.05545,,,,,,,,,,,,
2/5/2022,1.0504,3.0616,,,,,,,,,,,,
3/5/2022,1.052,3.0616,,,,,,,,,,,,
4/5/2022,1.0621,3.0616,,,,,,,,,,,,
5/5/2022,1.054,3.06215,,,,,,,,,,,,
6/5/2022,1.0551,3.0595,,,,,,,,,,,,
9/5/2022,1.0555,3.0665,,,,,,,,,,,,
10/5/2022,1.0527,3.0633,,,,,,,,,,,,
11/5/2022,1.0511,3.05945,,,,,,,,,,,,
12/5/2022,1.0379,3.0863,,,,,,,,,,,,
13/5/2022,1.0411,3.0952,,,,,,,,,,,,
16/5/2022,1.0431,3.08365,,,,,,,,,,,,
17/5/2022,1.0547,3.0625,,,,,,,,,,,,
18/5/2022,1.0466,3.0643,,,,,,,,,,,,
19/5/2022,1.0586,3.05245,,,,,,,,,,,,
20/5/2022,1.056,3.0519,,,,,,,,,,,,
23/5/2022,1.0689,3.03425,,,,,,,,,,,,
24/5/2022,1.0734,3.0227,,,,,,,,,,,,
25/5/2022,1.068,3.0336,,,,,,,,,,,,
26/5/2022,1.0724,3.02405,,,,,,,,,,,,
27/5/2022,1.0727,3.01715,,,,,,,,,,,,
30/5/2022,1.0777,3.0158,,,,,,,,,,,,
31/5/2022,1.0733,3.02845,,,,,,,,,,,,
1/6/2022,1.0646,3.0372,,,,,,,,,,,,
2/6/2022,1.0745,3.0303,,,,,,,,,,,,
3/6/2022,1.0718,3.025,,,,,,,,,,,,
6/6/2022,1.0694,3.0308,,,,,,,,,,,,
7/6/2022,1.0699,3.03605,,,,,,,,,,,,
8/6/2022,1.0714,3.0298,,,,,,,,,,,,
9/6/2022,1.0614,3.04435,,,,,,,,,,,,
10/6/2022,1.0515,3.07225,,,,,,,,,,,,
13/6/2022,1.0408,3.0878,,,,,,,,,,,,
14/6/2022,1.0414,3.0906,,,,,,,,,,,,
15/6/2022,1.0443,3.0934,,,,,,,,,,,,
16/6/2022,1.0547,3.0821,,,,,,,,,,,,
17/6/2022,1.0498,3.08025,,,,,,,,,,,,
20/6/2022,1.0509,3.0739,,,,,,,,,,,,
21/6/2022,1.0525,3.06855,,,,,,,,,,,,
22/6/2022,1.0565,3.0679,,,,,,,,,,,,
23/6/2022,1.0523,3.0671,,,,,,,,,,,,
24/6/2022,1.0554,3.06545,,,,,,,,,,,,
27/6/2022,1.0583,3.0624,,,,,,,,,,,,
28/6/2022,1.0518,3.07595,,,,,,,,,,,,
29/6/2022,1.0439,3.0843,,,,,,,,,,,,
30/6/2022,1.0482,3.0943,,,,,,,,,,,,
1/7/2022,1.0428,3.09,,,,,,,,,,,,
4/7/2022,1.0421,3.0901,,,,,,,,,,,,
5/7/2022,1.0266,3.12,,,,,,,,,,,,
6/7/2022,1.0181,3.13885,,,,,,,,,,,,
7/7/2022,1.0159,3.1402,,,,,,,,,,,,
8/7/2022,1.0183,3.1479,,,,,,,,,,,,
11/7/2022,1.0039,3.15735,,,,,,,,,,,,
12/7/2022,1.0036,3.1772,,,,,,,,,,,,
13/7/2022,1.006,3.16655,,,,,,,,,,,,
14/7/2022,1.0016,3.17755,,,,,,,,,,,,
15/7/2022,1.0087,3.1711,,,,,,,,,,,,
18/7/2022,1.0141,3.14755,,,,,,,,,,,,
19/7/2022,1.0224,3.1271,,,,,,,,,,,,
20/7/2022,1.0177,3.14,,,,,,,,,,,,
21/7/2022,1.0228,3.14145,,,,,,,,,,,,
22/7/2022,1.021,3.1467,,,,,,,,,,,,
25/7/2022,1.022,3.15095,,,,,,,,,,,,
26/7/2022,1.0114,3.15095,,,,,,,,,,,,
27/7/2022,1.0202,3.14445,,,,,,,,,,,,
28/7/2022,1.0196,3.14755,,,,,,,,,,,,
29/7/2022,1.0218,3.12425,,,,,,,,,,,,
1/8/2022,1.0261,3.1194,,,,,,,,,,,,
2/8/2022,1.0164,3.1238,,,,,,,,,,,,
3/8/2022,1.0164,3.1358,,,,,,,,,,,,
4/8/2022,1.0243,3.1363,,,,,,,,,,,,
5/8/2022,1.0181,3.12915,,,,,,,,,,,,
8/8/2022,1.0195,3.14115,,,,,,,,,,,,
9/8/2022,1.0211,3.1344,,,,,,,,,,,,
10/8/2022,1.0297,3.1327,,,,,,,,,,,,
11/8/2022,1.0317,3.111,,,,,,,,,,,,
12/8/2022,1.0258,3.1248,,,,,,,,,,,,
15/8/2022,1.016,3.14015,,,,,,,,,,,,
16/8/2022,1.017,3.15635,,,,,,,,,,,,
17/8/2022,1.018,3.14985,,,,,,,,,,,,
18/8/2022,1.0088,3.1497,,,,,,,,,,,,
19/8/2022,1.0034,3.17915,,,,,,,,,,,,
22/8/2022,0.9941,3.1879,,,,,,,,,,,,
23/8/2022,0.9967,3.20645,,,,,,,,,,,,
24/8/2022,0.9965,3.20285,,,,,,,,,,,,
25/8/2022,0.9974,3.19265,,,,,,,,,,,,
26/8/2022,0.9961,3.1878,,,,,,,,,,,,
29/8/2022,0.9995,3.20345,,,,,,,,,,,,
30/8/2022,1.0012,3.19005,,,,,,,,,,,,
31/8/2022,1.0057,3.20385,,,,,,,,,,,,
1/9/2022,0.9944,3.21405,,,,,,,,,,,,
2/9/2022,0.9951,3.20245,,,,,,,,,,,,
5/9/2022,0.9926,3.21905,,,,,,,,,,,,
6/9/2022,0.9902,3.2278,,,,,,,,,,,,
7/9/2022,0.9999,3.22915,,,,,,,,,,,,
8/9/2022,0.9994,3.22005,,,,,,,,,,,,
9/9/2022,1.0039,3.19595,,,,,,,,,,,,
12/9/2022,1.0119,3.17705,,,,,,,,,,,,
13/9/2022,0.997,3.19665,,,,,,,,,,,,
14/9/2022,0.9977,3.20655,,,,,,,,,,,,
15/9/2022,0.9999,3.20435,,,,,,,,,,,,
16/9/2022,1.0015,3.20655,,,,,,,,,,,,
19/9/2022,1.0022,3.20505,,,,,,,,,,,,
20/9/2022,0.997,3.20655,,,,,,,,,,,,
21/9/2022,0.9837,3.2218,,,,,,,,,,,,
22/9/2022,0.9836,3.23305,,,,,,,,,,,,
23/9/2022,0.969,3.25975,,,,,,,,,,,,
26/9/2022,0.9606,3.2841,,,,,,,,,,,,
27/9/2022,0.9592,3.2923,,,,,,,,,,,,
28/9/2022,0.9734,3.2909,,,,,,,,,,,,
29/9/2022,0.9814,3.2633,,,,,,,,,,,,
30/9/2022,0.9799,3.2546,,,,,,,,,,,,
3/10/2022,0.9824,3.2531,,,,,,,,,,,,
4/10/2022,0.9983,3.21525,,,,,,,,,,,,
5/10/2022,0.9882,3.23005,,,,,,,,,,,,
6/10/2022,0.9788,3.23965,,,,,,,,,,,,
7/10/2022,0.9741,3.25795,,,,,,,,,,,,
10/10/2022,0.97,3.27015,,,,,,,,,,,,
11/10/2022,0.9703,3.271,,,,,,,,,,,,
12/10/2022,0.9704,3.2737,,,,,,,,,,,,
13/10/2022,0.9773,3.27185,,,,,,,,,,,,
14/10/2022,0.9719,3.2637,,,,,,,,,,,,
17/10/2022,0.9838,3.251,,,,,,,,,,,,
18/10/2022,0.9852,3.24145,,,,,,,,,,,,
19/10/2022,0.9771,3.25825,,,,,,,,,,,,
20/10/2022,0.9783,3.2541,,,,,,,,,,,,
21/10/2022,0.986,3.25455,,,,,,,,,,,,
24/10/2022,0.9874,3.23455,,,,,,,,,,,,
25/10/2022,0.9964,3.21085,,,,,,,,,,,,
26/10/2022,1.0077,3.19235,,,,,,,,,,,,
27/10/2022,0.9962,3.19645,,,,,,,,,,,,
28/10/2022,0.9963,3.21155,,,,,,,,,,,,
31/10/2022,0.9883,3.23025,,,,,,,,,,,,
1/11/2022,0.9874,3.21805,,,,,,,,,,,,
2/11/2022,0.9817,3.228,,,,,,,,,,,,
3/11/2022,0.9751,3.2612,,,,,,,,,,,,
4/11/2022,0.996,3.22275,,,,,,,,,,,,
7/11/2022,1.0019,3.20695,,,,,,,,,,,,
8/11/2022,1.0072,3.20785,,,,,,,,,,,,
9/11/2022,1.0011,3.20245,,,,,,,,,,,,
10/11/2022,1.0208,3.18195,,,,,,,,,,,,
11/11/2022,1.0352,3.13945,,,,,,,,,,,,
14/11/2022,1.0325,3.1429,,,,,,,,,,,,
15/11/2022,1.0348,3.11675,,,,,,,,,,,,
16/11/2022,1.0392,3.1248,,,,,,,,,,,,
17/11/2022,1.036,3.1406,,,,,,,,,,,,
18/11/2022,1.0324,3.1291,,,,,,,,,,,,
21/11/2022,1.0241,3.1542,,,,,,,,,,,,
22/11/2022,1.0302,3.14705,,,,,,,,,,,,
23/11/2022,1.0395,3.13365,,,,,,,,,,,,
24/11/2022,1.0408,3.1129,,,,,,,,,,,,
25/11/2022,1.0395,3.125,,,,,,,,,,,,
28/11/2022,1.0337,3.1061,,,,,,,,,,,,
29/11/2022,1.0327,3.1306,,,,,,,,,,,,
30/11/2022,1.0405,3.1268,,,,,,,,,,,,
1/12/2022,1.0522,3.1008,,,,,,,,,,,,
2/12/2022,1.0538,3.1092,,,,,,,,,,,,
5/12/2022,1.0491,3.0889,,,,,,,,,,,,
6/12/2022,1.0469,3.0996,,,,,,,,,,,,
7/12/2022,1.0505,3.098,,,,,,,,,,,,
8/12/2022,1.0556,3.0972,,,,,,,,,,,,
9/12/2022,1.053,3.0895,,,,,,,,,,,,
12/12/2022,1.0535,3.0879,,,,,,,,,,,,
13/12/2022,1.063,3.0686,,,,,,,,,,,,
14/12/2022,1.0682,3.0725,,,,,,,,,,,,
15/12/2022,1.0626,3.06315,,,,,,,,,,,,
16/12/2022,1.0582,3.0785,,,,,,,,,,,,
19/12/2022,1.0605,3.0867,,,,,,,,,,,,
20/12/2022,1.0621,3.0834,,,,,,,,,,,,
21/12/2022,1.0603,3.0797,,,,,,,,,,,,
22/12/2022,1.0593,3.0836,,,,,,,,,,,,
23/12/2022,1.0614,3.08475,,,,,,,,,,,,
26/12/2022,1.0635,3.0813,,,,,,,,,,,,
27/12/2022,1.0638,3.0845,,,,,,,,,,,,
28/12/2022,1.0608,3.0784,,,,,,,,,,,,
29/12/2022,1.0661,3.0764,,,,,,,,,,,,
30/12/2022,1.0702,3.077,,,,,,,,,,,,
1/1/2023,1.1044,3.0744,,,,,,,,,,,,
2/1/2023,1.0662,3.0744,,,,,,,,,,,,
3/1/2023,1.0546,3.0933,,,,,,,,,,,,
4/1/2023,1.0599,3.0817,,,,,,,,,,,,
5/1/2023,1.052,3.0997,,,,,,,,,,,,
6/1/2023,1.0644,3.1009,,,,,,,,,,,,
9/1/2023,1.0728,3.06785,,,,,,,,,,,,
10/1/2023,1.0734,3.0637,,,,,,,,,,,,
11/1/2023,1.0755,3.06465,,,,,,,,,,,,
12/1/2023,1.0846,3.05225,,,,,,,,,,,,
13/1/2023,1.0828,3.05225,,,,,,,,,,,,
16/1/2023,1.0816,3.04605,,,,,,,,,,,,
17/1/2023,1.0788,3.0374,,,,,,,,,,,,
18/1/2023,1.0792,3.03585,,,,,,,,,,,,
19/1/2023,1.0827,3.04605,,,,,,,,,,,,
20/1/2023,1.0855,3.048,,,,,,,,,,,,
23/1/2023,1.0868,3.04145,,,,,,,,,,,,
24/1/2023,1.0885,3.03965,,,,,,,,,,,,
25/1/2023,1.0915,3.0392,,,,,,,,,,,,
26/1/2023,1.0889,3.03275,,,,,,,,,,,,
27/1/2023,1.0867,3.0414,,,,,,,,,,,,
30/1/2023,1.0844,3.0414,,,,,,,,,,,,
31/1/2023,1.0862,3.0423,,,,,,,,,,,,
1/2/2023,1.0989,3.03185,,,,,,,,,,,,
2/2/2023,1.091,3.02575,,,,,,,,,,,,
3/2/2023,1.0793,3.0471,,,,,,,,,,,,
6/2/2023,1.073,3.06785,,,,,,,,,,,,
7/2/2023,1.0723,3.0773,,,,,,,,,,,,
8/2/2023,1.0709,3.0677,,,,,,,,,,,,
9/2/2023,1.0736,3.05585,,,,,,,,,,,,
10/2/2023,1.0675,3.0733,,,,,,,,,,,,
13/2/2023,1.072,3.0796,,,,,,,,,,,,
14/2/2023,1.0735,3.0644,,,,,,,,,,,,
15/2/2023,1.0689,3.08215,,,,,,,,,,,,
16/2/2023,1.0668,3.082,,,,,,,,,,,,
17/2/2023,1.0694,3.0922,,,,,,,,,,,,
20/2/2023,1.0682,3.08135,,,,,,,,,,,,
21/2/2023,1.0646,3.0864,,,,,,,,,,,,
22/2/2023,1.0601,3.0897,,,,,,,,,,,,
23/2/2023,1.0595,3.0962,,,,,,,,,,,,
24/2/2023,1.0546,3.1108,,,,,,,,,,,,
27/2/2023,1.0607,3.10465,,,,,,,,,,,,
28/2/2023,1.0576,3.0961,,,,,,,,,,,,
1/3/2023,1.0665,3.0882,,,,,,,,,,,,
2/3/2023,1.0596,3.1034,,,,,,,,,,,,
3/3/2023,1.0632,3.0975,,,,,,,,,,,,
6/3/2023,1.0678,3.09165,,,,,,,,,,,,
7/3/2023,1.0547,3.0903,,,,,,,,,,,,
8/3/2023,1.0544,3.1147,,,,,,,,,,,,
9/3/2023,1.058,3.10905,,,,,,,,,,,,
10/3/2023,1.0643,3.098,,,,,,,,,,,,
13/3/2023,1.0729,3.0766,,,,,,,,,,,,
14/3/2023,1.0732,3.0758,,,,,,,,,,,,
15/3/2023,1.0575,3.1055,,,,,,,,,,,,
16/3/2023,1.0605,3.0964,,,,,,,,,,,,
17/3/2023,1.0666,3.08655,,,,,,,,,,,,
20/3/2023,1.0719,3.0634,,,,,,,,,,,,
21/3/2023,1.0767,3.0634,,,,,,,,,,,,
22/3/2023,1.0855,3.0625,,,,,,,,,,,,
23/3/2023,1.083,3.0433,,,,,,,,,,,,
24/3/2023,1.0759,3.07105,,,,,,,,,,,,
27/3/2023,1.0796,3.0636,,,,,,,,,,,,
28/3/2023,1.0843,3.05435,,,,,,,,,,,,
29/3/2023,1.0843,3.05065,,,,,,,,,,,,
30/3/2023,1.0901,3.04805,,,,,,,,,,,,
31/3/2023,1.0839,3.04935,,,,,,,,,,,,
3/4/2023,1.0895,3.05265,,,,,,,,,,,,
4/4/2023,1.0952,3.0425,,,,,,,,,,,,
5/4/2023,1.0903,3.03875,,,,,,,,,,,,
6/4/2023,1.092,3.04615,,,,,,,,,,,,
7/4/2023,1.0897,3.044,,,,,,,,,,,,
10/4/2023,1.0859,3.04835,,,,,,,,,,,,
11/4/2023,1.091,3.04845,,,,,,,,,,,,
12/4/2023,1.0989,3.0499,,,,,,,,,,,,
13/4/2023,1.1044,3.0338,,,,,,,,,,,,
14/4/2023,1.1,3.02795,,,,,,,,,,,,
17/4/2023,1.0926,3.0444,,,,,,,,,,,,
18/4/2023,1.0971,3.04505,,,,,,,,,,,,
19/4/2023,1.0954,3.05385,,,,,,,,,,,,
20/4/2023,1.0967,3.04765,,,,,,,,,,,,
21/4/2023,1.0987,3.0392,,,,,,,,,,,,
24/4/2023,1.1041,3.0392,,,,,,,,,,,,
25/4/2023,1.0972,3.0447,,,,,,,,,,,,
26/4/2023,1.104,3.0276,,,,,,,,,,,,
27/4/2023,1.1027,3.04355,,,,,,,,,,,,
28/4/2023,1.102,3.04545,,,,,,,,,,,,
1/5/2023,1.0975,3.05625,,,,,,,,,,,,
2/5/2023,1.0999,3.05625,,,,,,,,,,,,
3/5/2023,1.1059,3.0398,,,,,,,,,,,,
4/5/2023,1.1011,3.04455,,,,,,,,,,,,
5/5/2023,1.1017,3.04755,,,,,,,,,,,,
8/5/2023,1.1004,3.0385,,,,,,,,,,,,
9/5/2023,1.096,3.054,,,,,,,,,,,,
10/5/2023,1.098,3.0476,,,,,,,,,,,,
11/5/2023,1.0914,3.0621,,,,,,,,,,,,
12/5/2023,1.0848,3.0676,,,,,,,,,,,,
15/5/2023,1.0872,3.07095,,,,,,,,,,,,
16/5/2023,1.0861,3.0708,,,,,,,,,,,,
17/5/2023,1.0839,3.0851,,,,,,,,,,,,
18/5/2023,1.0769,3.0922,,,,,,,,,,,,
19/5/2023,1.0802,3.0901,,,,,,,,,,,,
22/5/2023,1.0811,3.0887,,,,,,,,,,,,
23/5/2023,1.0768,3.0942,,,,,,,,,,,,
24/5/2023,1.0748,3.0965,,,,,,,,,,,,
25/5/2023,1.0719,3.107,,,,,,,,,,,,
26/5/2023,1.0724,3.10825,,,,,,,,,,,,
29/5/2023,1.0705,3.1121,,,,,,,,,,,,
30/5/2023,1.0733,3.1087,,,,,,,,,,,,
31/5/2023,1.0688,3.1208,,,,,,,,,,,,
1/6/2023,1.0761,3.1077,,,,,,,,,,,,
2/6/2023,1.0706,3.1075,,,,,,,,,,,,
5/6/2023,1.0712,3.1142,,,,,,,,,,,,
6/6/2023,1.0691,3.12235,,,,,,,,,,,,
7/6/2023,1.0697,3.1136,,,,,,,,,,,,
8/6/2023,1.0781,3.1062,,,,,,,,,,,,
9/6/2023,1.0747,3.1057,,,,,,,,,,,,
12/6/2023,1.0757,3.1102,,,,,,,,,,,,
13/6/2023,1.0791,3.1036,,,,,,,,,,,,
14/6/2023,1.0831,3.0947,,,,,,,,,,,,
15/6/2023,1.0945,3.0876,,,,,,,,,,,,
16/6/2023,1.0933,3.07775,,,,,,,,,,,,
19/6/2023,1.0922,3.08615,,,,,,,,,,,,
20/6/2023,1.0916,3.0878,,,,,,,,,,,,
21/6/2023,1.0984,3.08955,,,,,,,,,,,,
22/6/2023,1.0956,3.07925,,,,,,,,,,,,
23/6/2023,1.0889,3.098,,,,,,,,,,,,
26/6/2023,1.0904,3.0954,,,,,,,,,,,,
27/6/2023,1.0959,3.0866,,,,,,,,,,,,
28/6/2023,1.0911,3.0966,,,,,,,,,,,,
29/6/2023,1.0864,3.0966,,,,,,,,,,,,
30/6/2023,1.091,3.0966,,,,,,,,,,,,
3/7/2023,1.0911,3.1009,,,,,,,,,,,,
4/7/2023,1.0877,3.0996,,,,,,,,,,,,
5/7/2023,1.0851,3.1028,,,,,,,,,,,,
6/7/2023,1.0887,3.0995,,,,,,,,,,,,
7/7/2023,1.0967,3.0993,,,,,,,,,,,,
10/7/2023,1.0999,3.0874,,,,,,,,,,,,
11/7/2023,1.1006,3.0747,,,,,,,,,,,,
12/7/2023,1.1128,3.07085,,,,,,,,,,,,
13/7/2023,1.1224,3.04415,,,,,,,,,,,,
14/7/2023,1.1227,3.0359,,,,,,,,,,,,
17/7/2023,1.1234,3.035,,,,,,,,,,,,
18/7/2023,1.1226,3.04445,,,,,,,,,,,,
19/7/2023,1.1198,3.04445,,,,,,,,,,,,
20/7/2023,1.1128,3.04445,,,,,,,,,,,,
21/7/2023,1.1123,3.0613,,,,,,,,,,,,
24/7/2023,1.1062,3.0657,,,,,,,,,,,,
25/7/2023,1.1053,3.0655,,,,,,,,,,,,
26/7/2023,1.1083,3.0655,,,,,,,,,,,,
27/7/2023,1.0973,3.0543,,,,,,,,,,,,
28/7/2023,1.1015,3.07585,,,,,,,,,,,,
31/7/2023,1.0993,3.0764,,,,,,,,,,,,
1/8/2023,1.0982,3.0869,,,,,,,,,,,,
2/8/2023,1.0936,3.0873,,,,,,,,,,,,
3/8/2023,1.0944,3.0955,,,,,,,,,,,,
4/8/2023,1.101,3.094,,,,,,,,,,,,
7/8/2023,1.1002,3.0879,,,,,,,,,,,,
8/8/2023,1.0954,3.0919,,,,,,,,,,,,
9/8/2023,1.0973,3.0892,,,,,,,,,,,,
10/8/2023,1.0979,3.0808,,,,,,,,,,,,
11/8/2023,1.0944,3.0885,,,,,,,,,,,,
14/8/2023,1.0904,3.0974,,,,,,,,,,,,
15/8/2023,1.0904,3.0994,,,,,,,,,,,,
16/8/2023,1.0874,3.102,,,,,,,,,,,,
17/8/2023,1.0871,3.1061,,,,,,,,,,,,
18/8/2023,1.0865,3.11165,,,,,,,,,,,,
21/8/2023,1.0891,3.103,,,,,,,,,,,,
22/8/2023,1.0844,3.107,,,,,,,,,,,,
23/8/2023,1.0859,3.1218,,,,,,,,,,,,
24/8/2023,1.0809,3.1132,,,,,,,,,,,,
25/8/2023,1.08,3.1224,,,,,,,,,,,,
28/8/2023,1.0817,3.12415,,,,,,,,,,,,
29/8/2023,1.0877,3.1239,,,,,,,,,,,,
30/8/2023,1.0924,3.1091,,,,,,,,,,,,
31/8/2023,1.0841,3.112,,,,,,,,,,,,
1/9/2023,1.0773,3.1167,,,,,,,,,,,,
4/9/2023,1.0794,3.1263,,,,,,,,,,,,
5/9/2023,1.072,3.14015,,,,,,,,,,,,
6/9/2023,1.0727,3.1422,,,,,,,,,,,,
7/9/2023,1.0699,3.14695,,,,,,,,,,,,
8/9/2023,1.0699,3.14035,,,,,,,,,,,,
11/9/2023,1.0748,3.1365,,,,,,,,,,,,
12/9/2023,1.0752,3.14275,,,,,,,,,,,,
13/9/2023,1.0728,3.139,,,,,,,,,,,,
14/9/2023,1.0641,3.1543,,,,,,,,,,,,
15/9/2023,1.0655,3.15365,,,,,,,,,,,,
18/9/2023,1.069,3.15425,,,,,,,,,,,,
19/9/2023,1.0677,3.1492,,,,,,,,,,,,
20/9/2023,1.0659,3.14455,,,,,,,,,,,,
21/9/2023,1.0658,3.1594,,,,,,,,,,,,
22/9/2023,1.0652,3.15625,,,,,,,,,,,,
25/9/2023,1.059,3.17045,,,,,,,,,,,,
26/9/2023,1.057,3.17255,,,,,,,,,,,,
27/9/2023,1.05,3.17775,,,,,,,,,,,,
28/9/2023,1.0559,3.17775,,,,,,,,,,,,
29/9/2023,1.057,3.17325,,,,,,,,,,,,
2/10/2023,1.0476,3.18655,,,,,,,,,,,,
3/10/2023,1.0465,3.19355,,,,,,,,,,,,
4/10/2023,1.0503,3.18985,,,,,,,,,,,,
5/10/2023,1.0548,3.1828,,,,,,,,,,,,
6/10/2023,1.0586,3.18625,,,,,,,,,,,,
9/10/2023,1.0565,3.1786,,,,,,,,,,,,
10/10/2023,1.0603,3.16795,,,,,,,,,,,,
11/10/2023,1.0617,3.1621,,,,,,,,,,,,
12/10/2023,1.0526,3.17915,,,,,,,,,,,,
13/10/2023,1.0509,3.18695,,,,,,,,,,,,
16/10/2023,1.0558,3.18295,,,,,,,,,,,,
17/10/2023,1.0575,3.1793,,,,,,,,,,,,
18/10/2023,1.0535,3.18135,,,,,,,,,,,,
19/10/2023,1.0579,3.17775,,,,,,,,,,,,
20/10/2023,1.0593,3.17555,,,,,,,,,,,,
23/10/2023,1.0668,3.17295,,,,,,,,,,,,
24/10/2023,1.0588,3.17085,,,,,,,,,,,,
25/10/2023,1.0563,3.17765,,,,,,,,,,,,
26/10/2023,1.056,3.18605,,,,,,,,,,,,
27/10/2023,1.0564,3.17455,,,,,,,,,,,,
30/10/2023,1.0613,3.17225,,,,,,,,,,,,
31/10/2023,1.0576,3.1729,,,,,,,,,,,,
1/11/2023,1.0568,3.1853,,,,,,,,,,,,
2/11/2023,1.062,3.1654,,,,,,,,,,,,
3/11/2023,1.0729,3.1512,,,,,,,,,,,,
6/11/2023,1.0715,3.1448,,,,,,,,,,,,
7/11/2023,1.0699,3.15855,,,,,,,,,,,,
8/11/2023,1.0707,3.15895,,,,,,,,,,,,
9/11/2023,1.0666,3.1543,,,,,,,,,,,,
10/11/2023,1.0681,3.15955,,,,,,,,,,,,
13/11/2023,1.0697,3.16115,,,,,,,,,,,,
14/11/2023,1.0879,3.13525,,,,,,,,,,,,
15/11/2023,1.0846,3.1251,,,,,,,,,,,,
16/11/2023,1.085,3.1214,,,,,,,,,,,,
17/11/2023,1.0907,3.12085,,,,,,,,,,,,
20/11/2023,1.0938,3.1086,,,,,,,,,,,,
21/11/2023,1.0909,3.1042,,,,,,,,,,,,
22/11/2023,1.0887,3.1143,,,,,,,,,,,,
23/11/2023,1.0904,3.11465,,,,,,,,,,,,
24/11/2023,1.0939,3.1092,,,,,,,,,,,,
27/11/2023,1.0953,3.1051,,,,,,,,,,,,
28/11/2023,1.099,3.0996,,,,,,,,,,,,
29/11/2023,1.0968,3.0976,,,,,,,,,,,,
30/11/2023,1.0886,3.1079,,,,,,,,,,,,
1/12/2023,1.0881,3.11565,,,,,,,,,,,,
4/12/2023,1.0836,3.1187,,,,,,,,,,,,
5/12/2023,1.0795,3.1232,,,,,,,,,,,,
6/12/2023,1.0762,3.12775,,,,,,,,,,,,
7/12/2023,1.0792,3.12745,,,,,,,,,,,,
8/12/2023,1.0761,3.1335,,,,,,,,,,,,
11/12/2023,1.0761,3.1345,,,,,,,,,,,,
12/12/2023,1.0792,3.1274,,,,,,,,,,,,
13/12/2023,1.0873,3.1252,,,,,,,,,,,,
14/12/2023,1.0991,3.088,,,,,,,,,,,,
15/12/2023,1.0894,3.094,,,,,,,,,,,,
18/12/2023,1.0922,3.0965,,,,,,,,,,,,
19/12/2023,1.098,3.0914,,,,,,,,,,,,
20/12/2023,1.0938,3.09115,,,,,,,,,,,,
21/12/2023,1.1008,3.0845,,,,,,,,,,,,
22/12/2023,1.101,3.07695,,,,,,,,,,,,
25/12/2023,1.1007,3.0806,,,,,,,,,,,,
26/12/2023,1.1042,3.0798,,,,,,,,,,,,
27/12/2023,1.1103,3.0696,,,,,,,,,,,,
28/12/2023,1.1059,3.0649,,,,,,,,,,,,
29/12/2023,1.1036,3.07325,,,,,,,,,,,,
1/1/2024,1.0355,3.0929,,,,,,,,,,,,
2/1/2024,1.0947,3.0929,,,,,,,,,,,,
3/1/2024,1.0921,3.0982,,,,,,,,,,,,
4/1/2024,1.0943,3.0958,,,,,,,,,,,,
5/1/2024,1.0941,3.0972,,,,,,,,,,,,
8/1/2024,1.0949,3.0936,,,,,,,,,,,,
9/1/2024,1.0931,3.0935,,,,,,,,,,,,
10/1/2024,1.0971,3.0967,,,,,,,,,,,,
11/1/2024,1.097,3.095,,,,,,,,,,,,
12/1/2024,1.0949,3.0918,,,,,,,,,,,,
15/1/2024,1.0948,3.0969,,,,,,,,,,,,
16/1/2024,1.0874,3.1085,,,,,,,,,,,,
17/1/2024,1.0881,3.1138,,,,,,,,,,,,
18/1/2024,1.0874,3.1143,,,,,,,,,,,,
19/1/2024,1.0897,3.1121,,,,,,,,,,,,
22/1/2024,1.0881,3.108,,,,,,,,,,,,
23/1/2024,1.0851,3.11115,,,,,,,,,,,,
24/1/2024,1.0883,3.0999,,,,,,,,,,,,
25/1/2024,1.0846,3.1107,,,,,,,,,,,,
26/1/2024,1.0852,3.11035,,,,,,,,,,,,
29/1/2024,1.0833,3.1208,,,,,,,,,,,,
30/1/2024,1.084,3.1173,,,,,,,,,,,,
31/1/2024,1.0816,3.1134,,,,,,,,,,,,
1/2/2024,1.0872,3.1203,,,,,,,,,,,,
2/2/2024,1.0784,3.1232,,,,,,,,,,,,
5/2/2024,1.0741,3.1367,,,,,,,,,,,,
6/2/2024,1.0754,3.1386,,,,,,,,,,,,
7/2/2024,1.0771,3.1304,,,,,,,,,,,,
8/2/2024,1.0776,3.13685,,,,,,,,,,,,
9/2/2024,1.0782,3.1274,,,,,,,,,,,,
12/2/2024,1.0771,3.1323,,,,,,,,,,,,
13/2/2024,1.0709,3.14435,,,,,,,,,,,,
14/2/2024,1.0725,3.14495,,,,,,,,,,,,
15/2/2024,1.0771,3.1345,,,,,,,,,,,,
16/2/2024,1.0774,3.13835,,,,,,,,,,,,
19/2/2024,1.0777,3.1334,,,,,,,,,,,,
20/2/2024,1.0803,3.1227,,,,,,,,,,,,
21/2/2024,1.0817,3.1249,,,,,,,,,,,,
22/2/2024,1.0823,3.1237,,,,,,,,,,,,
23/2/2024,1.0818,3.1206,,,,,,,,,,,,
26/2/2024,1.0847,3.11785,,,,,,,,,,,,
27/2/2024,1.0844,3.1172,,,,,,,,,,,,
28/2/2024,1.0836,3.1213,,,,,,,,,,,,
29/2/2024,1.0803,3.1182,,,,,,,,,,,,
1/3/2024,1.0837,3.1235,,,,,,,,,,,,
4/3/2024,1.0854,3.11675,,,,,,,,,,,,
5/3/2024,1.0855,3.1152,,,,,,,,,,,,
6/3/2024,1.0897,3.10785,,,,,,,,,,,,
7/3/2024,1.0946,3.1051,,,,,,,,,,,,
8/3/2024,1.0937,3.0908,,,,,,,,,,,,
11/3/2024,1.0926,3.0928,,,,,,,,,,,,
12/3/2024,1.0924,3.0958,,,,,,,,,,,,
13/3/2024,1.0946,3.0967,,,,,,,,,,,,
14/3/2024,1.0881,3.0949,,,,,,,,,,,,
15/3/2024,1.0887,3.1058,,,,,,,,,,,,
18/3/2024,1.0871,3.1042,,,,,,,,,,,,
19/3/2024,1.0865,3.1165,,,,,,,,,,,,
20/3/2024,1.0918,3.103,,,,,,,,,,,,
21/3/2024,1.086,3.103,,,,,,,,,,,,
22/3/2024,1.0805,3.12355,,,,,,,,,,,,
25/3/2024,1.0836,3.1227,,,,,,,,,,,,
26/3/2024,1.083,3.1154,,,,,,,,,,,,
27/3/2024,1.0826,3.1196,,,,,,,,,,,,
28/3/2024,1.0787,3.1271,,,,,,,,,,,,
29/3/2024,1.0793,3.1281,,,,,,,,,,,,
1/4/2024,1.0743,3.1285,,,,,,,,,,,,
2/4/2024,1.0768,3.13615,,,,,,,,,,,,
3/4/2024,1.0835,3.1307,,,,,,,,,,,,
4/4/2024,1.0835,3.1149,,,,,,,,,,,,
5/4/2024,1.0835,3.1196,,,,,,,,,,,,
8/4/2024,1.0858,3.12075,,,,,,,,,,,,
9/4/2024,1.0855,3.16015,,,,,,,,,,,,
10/4/2024,1.0742,3.16015,,,,,,,,,,,,
11/4/2024,1.0724,3.16015,,,,,,,,,,,,
12/4/2024,1.0642,3.16015,,,,,,,,,,,,
15/4/2024,1.0622,3.1608,,,,,,,,,,,,
16/4/2024,1.0617,3.16115,,,,,,,,,,,,
17/4/2024,1.0671,3.1587,,,,,,,,,,,,
18/4/2024,1.0643,3.15535,,,,,,,,,,,,
19/4/2024,1.0654,3.1539,,,,,,,,,,,,
22/4/2024,1.0654,3.16245,,,,,,,,,,,,
23/4/2024,1.0699,3.1488,,,,,,,,,,,,
24/4/2024,1.0697,3.14845,,,,,,,,,,,,
25/4/2024,1.0729,3.148,,,,,,,,,,,,
26/4/2024,1.0692,3.14885,,,,,,,,,,,,
29/4/2024,1.0719,3.14805,,,,,,,,,,,,
30/4/2024,1.0665,3.14775,,,,,,,,,,,,
1/5/2024,1.0709,3.1489,,,,,,,,,,,,
2/5/2024,1.0725,3.1489,,,,,,,,,,,,
3/5/2024,1.0758,3.1286,,,,,,,,,,,,
6/5/2024,1.0768,3.129,,,,,,,,,,,,
7/5/2024,1.0752,3.1302,,,,,,,,,,,,
8/5/2024,1.0745,3.138,,,,,,,,,,,,
9/5/2024,1.0781,3.13505,,,,,,,,,,,,
10/5/2024,1.0769,3.1311,,,,,,,,,,,,
13/5/2024,1.0788,3.1275,,,,,,,,,,,,
14/5/2024,1.0818,3.12545,,,,,,,,,,,,
15/5/2024,1.0882,3.12035,,,,,,,,,,,,
16/5/2024,1.0865,3.1159,,,,,,,,,,,,
17/5/2024,1.087,3.1153,,,,,,,,,,,,
20/5/2024,1.0855,3.1147,,,,,,,,,,,,
21/5/2024,1.0854,3.1162,,,,,,,,,,,,
22/5/2024,1.0821,3.12,,,,,,,,,,,,
23/5/2024,1.0813,3.1202,,,,,,,,,,,,
24/5/2024,1.0845,3.11865,,,,,,,,,,,,
27/5/2024,1.0858,3.1161,,,,,,,,,,,,
28/5/2024,1.0855,3.1138,,,,,,,,,,,,
29/5/2024,1.08,3.1194,,,,,,,,,,,,
30/5/2024,1.0832,3.12065,,,,,,,,,,,,
31/5/2024,1.0841,3.11205,,,,,,,,,,,,
3/6/2024,1.0902,3.1104,,,,,,,,,,,,
4/6/2024,1.0878,3.11,,,,,,,,,,,,
5/6/2024,1.0868,3.1123,,,,,,,,,,,,
6/6/2024,1.0888,3.108,,,,,,,,,,,,
7/6/2024,1.08,3.1222,,,,,,,,,,,,
10/6/2024,1.0763,3.135,,,,,,,,,,,,
11/6/2024,1.0739,3.1387,,,,,,,,,,,,
12/6/2024,1.0807,3.1163,,,,,,,,,,,,
13/6/2024,1.0735,3.1257,,,,,,,,,,,,
14/6/2024,1.07,3.1469,,,,,,,,,,,,
17/6/2024,1.0734,3.1353,,,,,,,,,,,,
18/6/2024,1.0738,3.1353,,,,,,,,,,,,
19/6/2024,1.0742,3.13465,,,,,,,,,,,,
20/6/2024,1.07,3.1393,,,,,,,,,,,,
21/6/2024,1.0691,3.1481,,,,,,,,,,,,
24/6/2024,1.0732,3.1384,,,,,,,,,,,,
25/6/2024,1.0713,3.1451,,,,,,,,,,,,
26/6/2024,1.0679,3.1511,,,,,,,,,,,,
27/6/2024,1.0702,3.1437,,,,,,,,,,,,
28/6/2024,1.0713,3.14695,,,,,,,,,,,,
1/7/2024,1.0738,3.1387,,,,,,,,,,,,
2/7/2024,1.0744,3.1455,,,,,,,,,,,,
3/7/2024,1.0786,3.137,,,,,,,,,,,,
4/7/2024,1.081,3.1279,,,,,,,,,,,,
5/7/2024,1.0836,3.1231,,,,,,,,,,,,
8/7/2024,1.0822,3.1219,,,,,,,,,,,,
9/7/2024,1.0812,3.1231,,,,,,,,,,,,
10/7/2024,1.083,3.12415,,,,,,,,,,,,
11/7/2024,1.0865,3.1177,,,,,,,,,,,,
12/7/2024,1.0906,3.1069,,,,,,,,,,,,
15/7/2024,1.0894,3.1019,,,,,,,,,,,,
16/7/2024,1.0897,3.1042,,,,,,,,,,,,
17/7/2024,1.0937,3.0957,,,,,,,,,,,,
18/7/2024,1.0896,3.0959,,,,,,,,,,,,
19/7/2024,1.0877,3.1062,,,,,,,,,,,,
22/7/2024,1.0889,3.1049,,,,,,,,,,,,
23/7/2024,1.0851,3.1087,,,,,,,,,,,,
24/7/2024,1.0839,3.1104,,,,,,,,,,,,
25/7/2024,1.0844,3.1086,,,,,,,,,,,,
26/7/2024,1.0857,3.1086,,,,,,,,,,,,
29/7/2024,1.0819,3.1114,,,,,,,,,,,,
30/7/2024,1.0815,3.1126,,,,,,,,,,,,
31/7/2024,1.0825,3.10795,,,,,,,,,,,,
1/8/2024,1.0791,3.1158,,,,,,,,,,,,
2/8/2024,1.0908,3.1003,,,,,,,,,,,,
5/8/2024,1.0952,3.0795,,,,,,,,,,,,
6/8/2024,1.093,3.0904,,,,,,,,,,,,
7/8/2024,1.0921,3.0904,,,,,,,,,,,,
8/8/2024,1.0918,3.0888,,,,,,,,,,,,
9/8/2024,1.0916,3.0901,,,,,,,,,,,,
12/8/2024,1.0931,3.0887,,,,,,,,,,,,
13/8/2024,1.0992,3.07115,,,,,,,,,,,,
14/8/2024,1.1012,3.07115,,,,,,,,,,,,
15/8/2024,1.0971,3.073,,,,,,,,,,,,
16/8/2024,1.1028,3.0763,,,,,,,,,,,,
19/8/2024,1.1085,3.06625,,,,,,,,,,,,
20/8/2024,1.113,3.0578,,,,,,,,,,,,
21/8/2024,1.115,3.05085,,,,,,,,,,,,
22/8/2024,1.1112,3.04535,,,,,,,,,,,,
23/8/2024,1.119,3.0492,,,,,,,,,,,,
26/8/2024,1.1161,3.0378,,,,,,,,,,,,
27/8/2024,1.1184,3.03885,,,,,,,,,,,,
28/8/2024,1.112,3.04525,,,,,,,,,,,,
29/8/2024,1.1077,3.04985,,,,,,,,,,,,
30/8/2024,1.1047,3.0539,,,,,,,,,,,,
2/9/2024,1.1071,3.0582,,,,,,,,,,,,
3/9/2024,1.1043,3.0607,,,,,,,,,,,,
4/9/2024,1.1082,3.05405,,,,,,,,,,,,
5/9/2024,1.111,3.0508,,,,,,,,,,,,
6/9/2024,1.1083,3.0501,,,,,,,,,,,,
9/9/2024,1.1034,3.0587,,,,,,,,,,,,
10/9/2024,1.1019,3.0619,,,,,,,,,,,,
11/9/2024,1.1011,3.0639,,,,,,,,,,,,
12/9/2024,1.1074,3.0593,,,,,,,,,,,,
13/9/2024,1.1076,3.0476,,,,,,,,,,,,
16/9/2024,1.1132,3.0409,,,,,,,,,,,,
17/9/2024,1.1113,3.0433,,,,,,,,,,,,
18/9/2024,1.1118,3.03975,,,,,,,,,,,,
19/9/2024,1.1161,3.04335,,,,,,,,,,,,
20/9/2024,1.1162,3.03965,,,,,,,,,,,,
23/9/2024,1.1112,3.0436,,,,,,,,,,,,
24/9/2024,1.118,3.0356,,,,,,,,,,,,
25/9/2024,1.1132,3.03075,,,,,,,,,,,,
26/9/2024,1.1176,3.04095,,,,,,,,,,,,
27/9/2024,1.1163,3.03135,,,,,,,,,,,,
30/9/2024,1.1134,3.03215,,,,,,,,,,,,
1/10/2024,1.1067,3.04945,,,,,,,,,,,,
2/10/2024,1.1045,3.05825,,,,,,,,,,,,
3/10/2024,1.1031,3.0652,,,,,,,,,,,,
4/10/2024,1.0976,3.0753,,,,,,,,,,,,
7/10/2024,1.0974,3.0754,,,,,,,,,,,,
8/10/2024,1.098,3.0756,,,,,,,,,,,,
9/10/2024,1.0939,3.0815,,,,,,,,,,,,
10/10/2024,1.0935,3.084,,,,,,,,,,,,
11/10/2024,1.0937,3.0827,,,,,,,,,,,,
14/10/2024,1.0909,3.08895,,,,,,,,,,,,
15/10/2024,1.089,3.0933,,,,,,,,,,,,
16/10/2024,1.0861,3.0933,,,,,,,,,,,,
17/10/2024,1.0831,3.1056,,,,,,,,,,,,
18/10/2024,1.0866,3.0978,,,,,,,,,,,,
21/10/2024,1.0815,3.1014,,,,,,,,,,,,
22/10/2024,1.0797,3.11075,,,,,,,,,,,,
23/10/2024,1.0781,3.1177,,,,,,,,,,,,
24/10/2024,1.0827,3.1114,,,,,,,,,,,,
25/10/2024,1.0793,3.1065,,,,,,,,,,,,
28/10/2024,1.0812,3.1091,,,,,,,,,,,,
29/10/2024,1.0818,3.11485,,,,,,,,,,,,
30/10/2024,1.0855,3.1049,,,,,,,,,,,,
31/10/2024,1.0883,3.1057,,,,,,,,,,,,
1/11/2024,1.0834,3.103,,,,,,,,,,,,
4/11/2024,1.0877,3.0941,,,,,,,,,,,,
5/11/2024,1.093,3.0964,,,,,,,,,,,,
6/11/2024,1.0728,3.1323,,,,,,,,,,,,
7/11/2024,1.0804,3.1162,,,,,,,,,,,,
8/11/2024,1.0718,3.1213,,,,,,,,,,,,
11/11/2024,1.0654,3.1418,,,,,,,,,,,,
12/11/2024,1.0623,3.14855,,,,,,,,,,,,
13/11/2024,1.0563,3.1481,,,,,,,,,,,,
14/11/2024,1.053,3.1685,,,,,,,,,,,,
15/11/2024,1.0541,3.16385,,,,,,,,,,,,
18/11/2024,1.0599,3.1626,,,,,,,,,,,,
19/11/2024,1.0595,3.1568,,,,,,,,,,,,
20/11/2024,1.0543,3.16505,,,,,,,,,,,,
21/11/2024,1.0473,3.1693,,,,,,,,,,,,
22/11/2024,1.0417,3.18745,,,,,,,,,,,,
25/11/2024,1.0494,3.1694,,,,,,,,,,,,
26/11/2024,1.0486,3.1723,,,,,,,,,,,,
27/11/2024,1.0564,3.1594,,,,,,,,,,,,
28/11/2024,1.0553,3.16295,,,,,,,,,,,,
29/11/2024,1.0575,3.15705,,,,,,,,,,,,
2/12/2024,1.0497,3.16485,,,,,,,,,,,,
3/12/2024,1.0509,3.16145,,,,,,,,,,,,
4/12/2024,1.051,3.17335,,,,,,,,,,,,
5/12/2024,1.0586,3.1537,,,,,,,,,,,,
6/12/2024,1.0568,3.1502,,,,,,,,,,,,
9/12/2024,1.0552,3.1536,,,,,,,,,,,,
10/12/2024,1.0526,3.1627,,,,,,,,,,,,
11/12/2024,1.0494,3.16445,,,,,,,,,,,,
12/12/2024,1.0467,3.16955,,,,,,,,,,,,
13/12/2024,1.0502,3.17095,,,,,,,,,,,,
16/12/2024,1.051,3.17155,,,,,,,,,,,,
17/12/2024,1.0489,3.17275,,,,,,,,,,,,
18/12/2024,1.0352,3.17275,,,,,,,,,,,,
19/12/2024,1.0362,3.19405,,,,,,,,,,,,
20/12/2024,1.0429,3.19375,,,,,,,,,,,,
23/12/2024,1.0405,3.19685,,,,,,,,,,,,
24/12/2024,1.0397,3.19615,,,,,,,,,,,,
25/12/2024,1.0404,3.19405,,,,,,,,,,,,
26/12/2024,1.0422,3.19715,,,,,,,,,,,,
27/12/2024,1.0427,3.19045,,,,,,,,,,,,
30/12/2024,1.0407,3.19735,,,,,,,,,,,,
31/12/2024,1.0353,3.19675,,,,,,,,,,,,
2/1/2025,1.0265,3.21465,,,,,,,,,,,,
3/1/2025,1.0308,3.21905,,,,,,,,,,,,
6/1/2025,1.039,3.19275,,,,,,,,,,,,
7/1/2025,1.0339,3.19785,,,,,,,,,,,,
8/1/2025,1.0318,3.2193,,,,,,,,,,,,
9/1/2025,1.0298,3.2179,,,,,,,,,,,,
10/1/2025,1.0244,3.23055,,,,,,,,,,,,
13/1/2025,1.0244,3.2381,,,,,,,,,,,,
14/1/2025,1.0307,3.2311,,,,,,,,,,,,
15/1/2025,1.0289,3.21155,,,,,,,,,,,,
16/1/2025,1.0298,3.22445,,,,,,,,,,,,
17/1/2025,1.0271,3.22005,,,,,,,,,,,,
20/1/2025,1.0414,3.20025,,,,,,,,,,,,
21/1/2025,1.0429,3.20425,,,,,,,,,,,,
22/1/2025,1.0407,3.19515,,,,,,,,,,,,
23/1/2025,1.0415,3.19605,,,,,,,,,,,,
24/1/2025,1.0493,3.18495,,,,,,,,,,,,
27/1/2025,1.0491,3.17145,,,,,,,,,,,,
28/1/2025,1.0428,3.19075,,,,,,,,,,,,
29/1/2025,1.042,3.19765,,,,,,,,,,,,
30/1/2025,1.039,3.18245,,,,,,,,,,,,
31/1/2025,1.0362,3.19845,,,,,,,,,,,,
3/2/2025,1.0344,3.2212,,,,,,,,,,,,
4/2/2025,1.0377,3.20365,,,,,,,,,,,,
5/2/2025,1.0402,3.18945,,,,,,,,,,,,
6/2/2025,1.0381,3.19795,,,,,,,,,,,,
7/2/2025,1.0327,3.19645,,,,,,,,,,,,
10/2/2025,1.0306,3.20655,,,,,,,,,,,,
11/2/2025,1.036,3.20455,,,,,,,,,,,,
12/2/2025,1.0382,3.20795,,,,,,,,,,,,
13/2/2025,1.0464,3.19465,,,,,,,,,,,,
14/2/2025,1.0491,3.17225,,,,,,,,,,,,
17/2/2025,1.0482,3.1739,,,,,,,,,,,,
18/2/2025,1.0445,3.17845,,,,,,,,,,,,
19/2/2025,1.0421,3.1814,,,,,,,,,,,,
20/2/2025,1.05,3.17615,,,,,,,,,,,,
21/2/2025,1.0458,3.17065,,,,,,,,,,,,
24/2/2025,1.0466,3.17185,,,,,,,,,,,,
25/2/2025,1.0513,3.1652,,,,,,,,,,,,
26/2/2025,1.0483,3.1688,,,,,,,,,,,,
27/2/2025,1.0397,3.17765,,,,,,,,,,,,
28/2/2025,1.0375,3.18425,,,,,,,,,,,,
3/3/2025,1.0486,3.1778,,,,,,,,,,,,
4/3/2025,1.0624,3.16095,,,,,,,,,,,,
5/3/2025,1.079,3.1283,,,,,,,,,,,,
6/3/2025,1.0783,3.1085,,,,,,,,,,,,
7/3/2025,1.0832,3.0982,,,,,,,,,,,,
10/3/2025,1.0832,3.0952,,,,,,,,,,,,
11/3/2025,1.0918,3.0897,,,,,,,,,,,,
12/3/2025,1.0886,3.0893,,,,,,,,,,,,
13/3/2025,1.0852,3.0947,,,,,,,,,,,,
14/3/2025,1.0879,3.0906,,,,,,,,,,,,
17/3/2025,1.0921,3.08865,,,,,,,,,,,,
18/3/2025,1.0943,3.08505,,,,,,,,,,,,
19/3/2025,1.0901,3.0929,,,,,,,,,,,,
20/3/2025,1.0851,3.1013,,,,,,,,,,,,
21/3/2025,1.0814,3.1013,,,,,,,,,,,,
24/3/2025,1.08,3.0998,,,,,,,,,,,,
25/3/2025,1.0791,3.10565,,,,,,,,,,,,
26/3/2025,1.0752,3.1106,,,,,,,,,,,,
27/3/2025,1.0801,3.1117,,,,,,,,,,,,
28/3/2025,1.0827,3.11185,,,,,,,,,,,,
31/3/2025,1.0817,3.1029,,,,,,,,,,,,
1/4/2025,1.0793,3.1029,,,,,,,,,,,,
2/4/2025,1.0855,3.1029,,,,,,,,,,,,
3/4/2025,1.105,3.0493,,,,,,,,,,,,
4/4/2025,1.0955,3.0648,,,,,,,,,,,,
7/4/2025,1.0904,3.08065,,,,,,,,,,,,
8/4/2025,1.0956,3.08515,,,,,,,,,,,,
9/4/2025,1.095,3.04475,,,,,,,,,,,,
10/4/2025,1.1201,3.04475,,,,,,,,,,,,
13/4/2025,1.1336,3.00815,,,,,,,,,,,,
14/4/2025,1.1349,3.00815,,,,,,,,,,,,
15/4/2025,1.1282,3.00625,,,,,,,,,,,,
16/4/2025,1.1394,2.99725,,,,,,,,,,,,
17/4/2025,1.1366,2.99405,,,,,,,,,,,,
20/4/2025,1.1371,2.97125,,,,,,,,,,,,
21/4/2025,1.1514,2.97125,,,,,,,,,,,,
22/4/2025,1.142,2.97525,,,,,,,,,,,,
23/4/2025,1.1313,2.99635,,,,,,,,,,,,
24/4/2025,1.1388,2.99365,,,,,,,,,,,,
27/4/2025,1.1358,2.99465,,,,,,,,,,,,
28/4/2025,1.1421,2.99465,,,,,,,,,,,,
29/4/2025,1.1385,2.98875,,,,,,,,,,,,
30/4/2025,1.1327,2.99425,,,,,,,,,,,,
1/5/2025,1.1286,2.99645,,,,,,,,,,,,
4/5/2025,1.1287,2.99645,,,,,,,,,,,,
5/5/2025,1.1314,2.99645,,,,,,,,,,,,
6/5/2025,1.1369,2.99555,,,,,,,,,,,,
7/5/2025,1.13,2.99265,,,,,,,,,,,,
8/5/2025,1.1227,3.00255,,,,,,,,,,,,
11/5/2025,1.1217,3.0379,,,,,,,,,,,,
12/5/2025,1.1085,3.0379,,,,,,,,,,,,
13/5/2025,1.1184,3.03325,,,,,,,,,,,,
14/5/2025,1.1176,3.01645,,,,,,,,,,,,
15/5/2025,1.1187,3.01805,,,,,,,,,,,,
18/5/2025,1.1169,3.00815,,,,,,,,,,,,
19/5/2025,1.1237,3.00815,,,,,,,,,,,,
20/5/2025,1.1282,3.00385,,,,,,,,,,,,
21/5/2025,1.1329,2.99095,,,,,,,,,,,,
22/5/2025,1.128,2.99835,,,,,,,,,,,,
25/5/2025,1.1361,2.98075,,,,,,,,,,,,
26/5/2025,1.1386,2.98075,,,,,,,,,,,,
27/5/2025,1.1328,2.9863,,,,,,,,,,,,
28/5/2025,1.1295,2.99655,,,,,,,,,,,,
29/5/2025,1.1365,2.98805,,,,,,,,,,,,
1/6/2025,1.1341,2.97245,,,,,,,,,,,,
2/6/2025,1.1439,2.97245,,,,,,,,,,,,
3/6/2025,1.1373,2.98105,,,,,,,,,,,,
4/6/2025,1.1417,2.97585,,,,,,,,,,,,
5/6/2025,1.1443,2.96585,,,,,,,,,,,,
8/6/2025,1.1391,2.97985,,,,,,,,,,,,
9/6/2025,1.1422,2.97985,,,,,,,,,,,,
10/6/2025,1.1426,2.97315,,,,,,,,,,,,
11/6/2025,1.1491,2.96855,,,,,,,,,,,,
12/6/2025,1.1581,2.94955,,,,,,,,,,,,
15/6/2025,1.1535,2.94895,,,,,,,,,,,,
16/6/2025,1.1566,2.94895,,,,,,,,,,,,
17/6/2025,1.1479,2.9546,,,,,,,,,,,,
18/6/2025,1.1483,2.96205,,,,,,,,,,,,
19/6/2025,1.1494,2.96695,,,,,,,,,,,,
22/6/2025,1.1479,2.96715,,,,,,,,,,,,
23/6/2025,1.1576,2.96715,,,,,,,,,,,,
24/6/2025,1.1608,2.94595,,,,,,,,,,,,
25/6/2025,1.1658,2.94455,,,,,,,,,,,,
26/6/2025,1.1695,2.9238,,,,,,,,,,,,
29/6/2025,1.1711,2.9238,,,,,,,,,,,,
30/6/2025,1.1786,2.9238,,,,,,,,,,,,
1/7/2025,1.1802,2.9066,,,,,,,,,,,,
2/7/2025,1.1798,2.9135,,,,,,,,,,,,
3/7/2025,1.1756,2.90945,,,,,,,,,,,,
6/7/2025,1.177,2.9205,,,,,,,,,,,,
7/7/2025,1.1709,2.9205,,,,,,,,,,,,
8/7/2025,1.1724,2.92105,,,,,,,,,,,,
9/7/2025,1.172,2.924,,,,,,,,,,,,
10/7/2025,1.17,2.921,,,,,,,,,,,,
13/7/2025,1.1673,2.9274,,,,,,,,,,,,
14/7/2025,1.1666,2.9274,,,,,,,,,,,,
15/7/2025,1.1599,2.9313,,,,,,,,,,,,
16/7/2025,1.164,2.94155,,,,,,,,,,,,
17/7/2025,1.1595,2.94715,,,,,,,,,,,,
20/7/2025,1.1618,2.9339,,,,,,,,,,,,
21/7/2025,1.1695,2.9339,,,,,,,,,,,,
22/7/2025,1.1752,2.9269,,,,,,,,,,,,
23/7/2025,1.177,2.9205,,,,,,,,,,,,
24/7/2025,1.1747,2.9178,,,,,,,,,,,,
27/7/2025,1.1746,2.93655,,,,,,,,,,,,
28/7/2025,1.1588,2.93655,,,,,,,,,,,,
29/7/2025,1.1545,2.94915,,,,,,,,,,,,
30/7/2025,1.1404,2.95325,,,,,,,,,,,,
31/7/2025,1.1414,2.97145,,,,,,,,,,,,
3/8/2025,1.1577,2.9472,,,,,,,,,,,,
4/8/2025,1.157,2.9472,,,,,,,,,,,,
5/8/2025,1.1571,2.95285,,,,,,,,,,,,
6/8/2025,1.1659,2.94205,,,,,,,,,,,,
7/8/2025,1.1665,2.9312,,,,,,,,,,,,
10/8/2025,1.1637,2.9341,,,,,,,,,,,,
11/8/2025,1.1614,2.9341,,,,,,,,,,,,
12/8/2025,1.1674,2.9388,,,,,,,,,,,,
13/8/2025,1.1705,2.9212,,,,,,,,,,,,
14/8/2025,1.1647,2.9212,,,,,,,,,,,,
17/8/2025,1.1691,2.9231,,,,,,,,,,,,
18/8/2025,1.1659,2.9231,,,,,,,,,,,,
19/8/2025,1.1649,2.9223,,,,,,,,,,,,
20/8/2025,1.1652,2.9275,,,,,,,,,,,,
21/8/2025,1.1605,2.9267,,,,,,,,,,,,
24/8/2025,1.1715,2.9203,,,,,,,,,,,,
25/8/2025,1.1618,2.9203,,,,,,,,,,,,
26/8/2025,1.1642,2.92605,,,,,,,,,,,,
27/8/2025,1.1637,2.9371,,,,,,,,,,,,
28/8/2025,1.1682,2.92215,,,,,,,,,,,,
31/8/2025,1.1684,2.91535,,,,,,,,,,,,
1/9/2025,1.1709,2.91535,,,,,,,,,,,,
2/9/2025,1.1642,2.9295,,,,,,,,,,,,
3/9/2025,1.1659,2.9245,,,,,,,,,,,,
4/9/2025,1.1648,2.91035,,,,,,,,,,,,
7/9/2025,1.1717,2.91035,,,,,,,,,,,,
8/9/2025,1.1762,2.91035,,,,,,,,,,,,
9/9/2025,1.1707,2.9118,,,,,,,,,,,,
10/9/2025,1.1693,2.9142,,,,,,,,,,,,
11/9/2025,1.1733,2.9114,,,,,,,,,,,,
14/9/2025,1.1733,2.9085,,,,,,,,,,,,
15/9/2025,1.1762,2.9085,,,,,,,,,,,,
16/9/2025,1.1866,2.8962,,,,,,,,,,,,
17/9/2025,1.1812,2.8928,,,,,,,,,,,,
18/9/2025,1.1786,2.9094,,,,,,,,,,,,
21/9/2025,1.1744,2.908,,,,,,,,,,,,
22/9/2025,1.1802,2.908,,,,,,,,,,,,
23/9/2025,1.1814,2.9033,,,,,,,,,,,,
24/9/2025,1.1738,2.9147,,,,,,,,,,,,
25/9/2025,1.1665,2.9241,,,,,,,,,,,,
28/9/2025,1.1697,2.9134,,,,,,,,,,,,
29/9/2025,1.1726,2.9134,,,,,,,,,,,,
30/9/2025,1.1733,2.9128,,,,,,,,,,,,
1/10/2025,1.1728,2.9095,,,,,,,,,,,,
2/10/2025,1.1714,2.9161,,,,,,,,,,,,
5/10/2025,1.1741,2.92165,,,,,,,,,,,,
6/10/2025,1.1712,2.92165,,,,,,,,,,,,
7/10/2025,1.1653,2.9297,,,,,,,,,,,,
8/10/2025,1.1623,2.9357,,,,,,,,,,,,
9/10/2025,1.1563,2.9421,,,,,,,,,,,,
12/10/2025,1.1618,2.945,,,,,,,,,,,,
13/10/2025,1.157,2.945,,,,,,,,,,,,
14/10/2025,1.1605,2.94515,,,,,,,,,,,,
15/10/2025,1.1647,2.9291,,,,,,,,,,,,
16/10/2025,1.1686,2.9291,,,,,,,,,,,,
19/10/2025,1.1657,2.9306,,,,,,,,,,,,
20/10/2025,1.1641,2.9306,,,,,,,,,,,,
21/10/2025,1.1598,2.93825,,,,,,,,,,,,
22/10/2025,1.1609,2.94135,,,,,,,,,,,,
23/10/2025,1.1618,2.9402,,,,,,,,,,,,
26/10/2025,1.1625,2.93695,,,,,,,,,,,,
27/10/2025,1.1644,2.93695,,,,,,,,,,,,
28/10/2025,1.165,2.93665,,,,,,,,,,,,
29/10/2025,1.16,2.93715,,,,,,,,,,,,
30/10/2025,1.1565,2.9496,,,,,,,,,,,,
2/11/2025,1.1534,2.9607,,,,,,,,,,,,
3/11/2025,1.1519,2.9607,,,,,,,,,,,,
4/11/2025,1.1483,2.96305,,,,,,,,,,,,
5/11/2025,1.1491,2.9673,,,,,,,,,,,,
6/11/2025,1.1546,2.95575,,,,,,,,,,,,
9/11/2025,1.1565,2.95025,,,,,,,,,,,,
10/11/2025,1.1556,2.95025,,,,,,,,,,,,
11/11/2025,1.158,2.94645,,,,,,,,,,,,
12/11/2025,1.1592,2.9535,,,,,,,,,,,,
13/11/2025,1.1638,2.94395,,,,,,,,,,,,
16/11/2025,1.162,2.94775,,,,,,,,,,,,
17/11/2025,1.1591,2.94775,,,,,,,,,,,,
18/11/2025,1.1579,2.9478,,,,,,,,,,,,
19/11/2025,1.1535,2.95285,,,,,,,,,,,,
20/11/2025,1.1527,2.96045,,,,,,,,,,,,
23/11/2025,1.1511,2.95915,,,,,,,,,,,,
24/11/2025,1.152,2.95915,,,,,,,,,,,,
25/11/2025,1.1569,2.9547,,,,,,,,,,,,
26/11/2025,1.1595,2.95555,,,,,,,,,,,,
27/11/2025,1.1595,2.9479,,,,,,,,,,,,
30/11/2025,1.1595,2.9402,,,,,,,,,,,,
1/12/2025,1.1608,2.9402,,,,,,,,,,,,
2/12/2025,1.1624,2.94475,,,,,,,,,,,,
3/12/2025,1.1668,2.9364,,,,,,,,,,,,
4/12/2025,1.1643,2.9339,,,,,,,,,,,,
7/12/2025,1.164,2.938,,,,,,,,,,,,
8/12/2025,1.1635,2.938,,,,,,,,,,,,
9/12/2025,1.1625,2.9408,,,,,,,,,,,,
10/12/2025,1.1692,2.9413,,,,,,,,,,,,
11/12/2025,1.1737,2.9223,,,,,,,,,,,,
14/12/2025,1.1733,2.9219,,,,,,,,,,,,
15/12/2025,1.1752,2.9219,,,,,,,,,,,,
16/12/2025,1.1746,2.9185,,,,,,,,,,,,
17/12/2025,1.1739,2.9207,,,,,,,,,,,,
18/12/2025,1.1719,2.9207,,,,,,,,,,,,
21/12/2025,1.1705,2.9208,,,,,,,,,,,,
22/12/2025,1.1755,2.9208,,,,,,,,,,,,
23/12/2025,1.1792,2.9126,,,,,,,,,,,,
24/12/2025,1.1782,2.9103,,,,,,,,,,,,
25/12/2025,1.1777,2.9081,,,,,,,,,,,,
28/12/2025,1.1764,2.9093,,,,,,,,,,,,
29/12/2025,1.1767,2.9093,,,,,,,,,,,,
30/12/2025,1.1745,2.9105,,,,,,,,,,,,
31/12/2025,1.174,2.9141,,,,,,,,,,,,
1/1/2026,1.1747,2.9242,,,,,,,,,,,,
4/1/2026,1.172,2.9242,,,,,,,,,,,,
5/1/2026,1.1721,2.9242,,,,,,,,,,,,
6/1/2026,1.1686,2.9167,,,,,,,,,,,,
7/1/2026,1.1673,2.9203,,,,,,,,,,,,
8/1/2026,1.1658,2.9256,,,,,,,,,,,,
11/1/2026,1.1629,2.9203,,,,,,,,,,,,
12/1/2026,1.1668,2.9203,,,,,,,,,,,,
13/1/2026,1.1645,2.9251,,,,,,,,,,,,
14/1/2026,1.1641,2.927,,,,,,,,,,,,
15/1/2026,1.1607,2.93475,,,,,,,,,,,,
18/1/2026,1.1583,2.92905,,,,,,,,,,,,
19/1/2026,1.1642,2.92905,,,,,,,,,,,,
20/1/2026,1.1721,2.91195,,,,,,,,,,,,
21/1/2026,1.1682,2.9134,,,,,,,,,,,,
22/1/2026,1.1752,2.9166,,,,,,,,,,,,
25/1/2026,1.1831,2.8867,,,,,,,,,,,,
26/1/2026,1.1875,2.8867,,,,,,,,,,,,
27/1/2026,1.2039,2.8746,,,,,,,,,,,,
